USFLUX,MEANGBT,MEANJZH,MEANPOT,SHRGT45,TOTUSJH,MEANGBH,MEANALP,MEANGAM,MEANGBZ,MEANJZD,TOTUSJZ,SAVNCPP,TOTPOT,MEANSHR,AREA_ACR,R_VALUE,ABSNJZH,HARPNUM,NOAA_ARS,ANALYSIS,PEAK_TIME
2.177401e+22,119.094,0.00313206,2284.225,7.614,1409.64,46.888,0.01078769,30.242,120.09,0.11154809,30884460000000.0,4120707000000.0,1.037839e+23,25.288,978.591797,3.806,107.154,245,11123,"[{'isMostAccurate': True, 'time21_5': '2010-11-11T20:49Z', 'latitude': -22.0, 'longitude': -7.0, 'halfAngle': 25.0, 'speed': 877.0, 'type': 'C', 'featureCode': 'null', 'imageType': None, 'measurementTechnique': 'null', 'note': '', 'levelOfData': 0, 'tilt': None, 'minorHalfWidth': None, 'speedMeasuredAtHeight': None, 'submissionTime': '2013-07-18T20:56Z', 'link': 'https://kauai.ccmc.gsfc.nasa.gov/DONKI/view/CMEAnalysis/802/-1', 'enlilList': [{'modelCompletionTime': '2010-11-11T18:56Z', 'au': 2.0, 'estimatedShockArrivalTime': '2010-11-15T01:07Z', 'estimatedDuration': 15.4, 'rmin_re': 6.2, 'kp_18': 1, 'kp_90': None, 'kp_135': None, 'kp_180': 4, 'isEarthGB': False, 'link': 'https://kauai.ccmc.gsfc.nasa.gov/DONKI/view/WSA-ENLIL/6132/-1', 'impactList': None, 'cmeIDs': ['2010-11-11T17:00:00-CME-001']}]}]",2010.11.08_05:00_TAI
3.88357e+22,82.812,-0.00682222,19714.88,62.358,3767.303,60.749,-0.01190257,61.285,91.789,0.28088063,65925910000000.0,14902430000000.0,1.573134e+24,53.885,1904.196289,4.842,409.879,892,11302,"[{'isMostAccurate': True, 'time21_5': '2011-10-01T19:22Z', 'latitude': 38.0, 'longitude': 55.0, 'halfAngle': 23.0, 'speed': 330.0, 'type': 'S', 'featureCode': 'null', 'imageType': None, 'measurementTechnique': 'null', 'note': '', 'levelOfData': 0, 'tilt': None, 'minorHalfWidth': None, 'speedMeasuredAtHeight': None, 'submissionTime': '2013-08-08T16:29Z', 'link': 'https://kauai.ccmc.gsfc.nasa.gov/DONKI/view/CMEAnalysis/2726/-1', 'enlilList': [{'modelCompletionTime': '2011-10-03T09:21Z', 'au': 2.0, 'estimatedShockArrivalTime': None, 'estimatedDuration': None, 'rmin_re': None, 'kp_18': None, 'kp_90': None, 'kp_135': None, 'kp_180': None, 'isEarthGB': False, 'link': 'https://kauai.ccmc.gsfc.nasa.gov/DONKI/view/WSA-ENLIL/2722/-1', 'impactList': None, 'cmeIDs': ['2011-10-01T10:24:00-CME-001', '2011-10-01T09:54:00-CME-001']}, {'modelCompletionTime': '2011-10-03T11:39Z', 'au': 2.0, 'estimatedShockArrivalTime': '2011-10-05T11:23Z', 'estimatedDuration': 14.5, 'rmin_re': 6.5, 'kp_18': 1, 'kp_90': None, 'kp_135': None, 'kp_180': 3, 'isEarthGB': False, 'link': 'https://kauai.ccmc.gsfc.nasa.gov/DONKI/view/WSA-ENLIL/2727/-1', 'impactList': None, 'cmeIDs': ['2011-10-01T09:54:00-CME-001', '2011-10-01T10:24:00-CME-001', '2011-10-02T01:54:00-CME-001']}, {'modelCompletionTime': '2011-10-03T12:05Z', 'au': 2.0, 'estimatedShockArrivalTime': '2011-10-05T10:48Z', 'estimatedDuration': 15.3, 'rmin_re': 6.5, 'kp_18': 1, 'kp_90': None, 'kp_135': None, 'kp_180': 3, 'isEarthGB': False, 'link': 'https://kauai.ccmc.gsfc.nasa.gov/DONKI/view/WSA-ENLIL/2732/-1', 'impactList': [{'isGlancingBlow': False, 'isMinorImpact': False, 'location': 'MESSENGER', 'arrivalTime': '2011-10-02T14:07Z'}, {'isGlancingBlow': False, 'isMinorImpact': False, 'location': 'STEREO B', 'arrivalTime': '2011-10-04T01:05Z'}], 'cmeIDs': ['2011-10-01T09:54:00-CME-001', '2011-10-01T10:24:00-CME-001', '2011-09-30T19:54:00-CME-001', '2011-10-02T01:54:00-CME-001']}]}]",2011.09.27_21:54_TAI
1.021998e+22,88.023,0.00134189,7073.888,26.353,521.613,40.993,0.00345438,40.933,88.427,-0.14925297,11950080000000.0,1341274000000.0,1.548203e+23,35.054,278.202332,2.857,22.113,902,11305,"[{'isMostAccurate': True, 'time21_5': '2011-10-01T20:38Z', 'latitude': 1.0, 'longitude': -4.0, 'halfAngle': 25.0, 'speed': 335.0, 'type': 'S', 'featureCode': 'null', 'imageType': None, 'measurementTechnique': 'null', 'note': '', 'levelOfData': 0, 'tilt': None, 'minorHalfWidth': None, 'speedMeasuredAtHeight': None, 'submissionTime': '2013-08-08T16:41Z', 'link': 'https://kauai.ccmc.gsfc.nasa.gov/DONKI/view/CMEAnalysis/2729/-1', 'enlilList': [{'modelCompletionTime': '2011-10-03T11:39Z', 'au': 2.0, 'estimatedShockArrivalTime': '2011-10-05T11:23Z', 'estimatedDuration': 14.5, 'rmin_re': 6.5, 'kp_18': 1, 'kp_90': None, 'kp_135': None, 'kp_180': 3, 'isEarthGB': False, 'link': 'https://kauai.ccmc.gsfc.nasa.gov/DONKI/view/WSA-ENLIL/2727/-1', 'impactList': None, 'cmeIDs': ['2011-10-01T09:54:00-CME-001', '2011-10-01T10:24:00-CME-001', '2011-10-02T01:54:00-CME-001']}, {'modelCompletionTime': '2011-10-03T12:05Z', 'au': 2.0, 'estimatedShockArrivalTime': '2011-10-05T10:48Z', 'estimatedDuration': 15.3, 'rmin_re': 6.5, 'kp_18': 1, 'kp_90': None, 'kp_135': None, 'kp_180': 3, 'isEarthGB': False, 'link': 'https://kauai.ccmc.gsfc.nasa.gov/DONKI/view/WSA-ENLIL/2732/-1', 'impactList': [{'isGlancingBlow': False, 'isMinorImpact': False, 'location': 'MESSENGER', 'arrivalTime': '2011-10-02T14:07Z'}, {'isGlancingBlow': False, 'isMinorImpact': False, 'location': 'STEREO B', 'arrivalTime': '2011-10-04T01:05Z'}], 'cmeIDs': ['2011-10-01T09:54:00-CME-001', '2011-10-01T10:24:00-CME-001', '2011-09-30T19:54:00-CME-001', '2011-10-02T01:54:00-CME-001']}]}, {'isMostAccurate': False, 'time21_5': '2011-10-01T18:00Z', 'latitude': 4.0, 'longitude': 27.0, 'halfAngle': 25.0, 'speed': 400.0, 'type': 'S', 'featureCode': 'null', 'imageType': None, 'measurementTechnique': 'null', 'note': '', 'levelOfData': 0, 'tilt': None, 'minorHalfWidth': None, 'speedMeasuredAtHeight': None, 'submissionTime': '2013-08-08T16:29Z', 'link': 'https://kauai.ccmc.gsfc.nasa.gov/DONKI/view/CMEAnalysis/2724/-1', 'enlilList': [{'modelCompletionTime': '2011-10-03T09:21Z', 'au': 2.0, 'estimatedShockArrivalTime': None, 'estimatedDuration': None, 'rmin_re': None, 'kp_18': None, 'kp_90': None, 'kp_135': None, 'kp_180': None, 'isEarthGB': False, 'link': 'https://kauai.ccmc.gsfc.nasa.gov/DONKI/view/WSA-ENLIL/2722/-1', 'impactList': None, 'cmeIDs': ['2011-10-01T10:24:00-CME-001', '2011-10-01T09:54:00-CME-001']}]}]",2011.09.27_22:24_TAI
1.525434e+22,108.205,0.00137056,9015.15,43.793,1175.99,65.304,0.00320611,53.297,109.214,0.3329196,25928930000000.0,4329413000000.0,3.047484e+23,43.042,967.990234,3.634,34.886,3437,11909,"[{'isMostAccurate': True, 'time21_5': '2013-12-07T12:15Z', 'latitude': -40.0, 'longitude': 60.0, 'halfAngle': 40.0, 'speed': 750.0, 'type': 'C', 'featureCode': 'null', 'imageType': None, 'measurementTechnique': 'null', 'note': '', 'levelOfData': 0, 'tilt': None, 'minorHalfWidth': None, 'speedMeasuredAtHeight': None, 'submissionTime': '2013-12-07T20:48Z', 'link': 'https://kauai.ccmc.gsfc.nasa.gov/DONKI/view/CMEAnalysis/3732/-1', 'enlilList': [{'modelCompletionTime': '2013-12-07T10:11Z', 'au': 2.0, 'estimatedShockArrivalTime': None, 'estimatedDuration': None, 'rmin_re': None, 'kp_18': None, 'kp_90': None, 'kp_135': None, 'kp_180': None, 'isEarthGB': False, 'link': 'https://kauai.ccmc.gsfc.nasa.gov/DONKI/view/WSA-ENLIL/3730/-1', 'impactList': None, 'cmeIDs': ['2013-12-07T07:39:00-CME-001']}]}]",2013.12.03_19:39_TAI
1.915079e+22,107.896,-0.00159704,7891.318,31.757,1353.098,56.874,-0.00396871,45.224,109.626,0.3034277,31006520000000.0,4890906000000.0,3.225855e+23,37.548,1190.162354,3.838,49.158,3879,12014,"[{'isMostAccurate': True, 'time21_5': '2014-04-01T00:40Z', 'latitude': -3.0, 'longitude': 80.0, 'halfAngle': 22.0, 'speed': 215.0, 'type': 'S', 'featureCode': 'null', 'imageType': None, 'measurementTechnique': 'null', 'note': 'CME associated with M1.4 class flare', 'levelOfData': 0, 'tilt': None, 'minorHalfWidth': None, 'speedMeasuredAtHeight': None, 'submissionTime': '2014-03-31T17:53Z', 'link': 'https://kauai.ccmc.gsfc.nasa.gov/DONKI/view/CMEAnalysis/5056/-1', 'enlilList': []}]",2014.03.27_20:54_TAI
1.726478e+22,102.548,-0.00732444,9093.317,39.813,1424.666,61.233,-0.01849338,51.335,103.086,0.43520996,32004390000000.0,6898440000000.0,3.633888e+23,41.238,1312.747314,4.1,220.371,3941,12030,"[{'isMostAccurate': True, 'time21_5': '2014-04-10T10:00Z', 'latitude': 12.0, 'longitude': 41.0, 'halfAngle': 28.0, 'speed': 440.0, 'type': 'S', 'featureCode': 'null', 'imageType': None, 'measurementTechnique': 'null', 'note': 'This CME is very faint and the measurements are based on POS measurements done using STEREOCat tool and  the Ice Cream Cone Calculator Tool for SOHO only.', 'levelOfData': 0, 'tilt': None, 'minorHalfWidth': None, 'speedMeasuredAtHeight': None, 'submissionTime': '2014-04-10T18:49Z', 'link': 'https://kauai.ccmc.gsfc.nasa.gov/DONKI/view/CMEAnalysis/5188/-1', 'enlilList': [{'modelCompletionTime': '2014-04-10T13:19Z', 'au': 2.0, 'estimatedShockArrivalTime': None, 'estimatedDuration': None, 'rmin_re': None, 'kp_18': None, 'kp_90': None, 'kp_135': None, 'kp_180': None, 'isEarthGB': False, 'link': 'https://kauai.ccmc.gsfc.nasa.gov/DONKI/view/WSA-ENLIL/5186/-1', 'impactList': None, 'cmeIDs': ['2014-04-10T00:48:00-CME-001']}]}]",2014.04.06_12:48_TAI
8.91418e+20,85.27,-0.00053827,804.0358,0.0,30.156,32.197,-0.00165935,20.626,84.948,-0.16027328,593048100000.0,106242400000.0,1.340083e+21,14.439,18.484797,0.0,0.676,3999,12036,"[{'isMostAccurate': True, 'time21_5': '2014-04-14T19:44Z', 'latitude': -29.0, 'longitude': -4.0, 'halfAngle': 29.0, 'speed': 396.0, 'type': 'S', 'featureCode': 'null', 'imageType': None, 'measurementTechnique': 'null', 'note': 'This CME may be associated with a C3.3 flare that started on 2014-04-14T12:17Z from AR 2036.', 'levelOfData': 0, 'tilt': None, 'minorHalfWidth': None, 'speedMeasuredAtHeight': None, 'submissionTime': '2014-04-14T19:30Z', 'link': 'https://kauai.ccmc.gsfc.nasa.gov/DONKI/view/CMEAnalysis/5210/-1', 'enlilList': [{'modelCompletionTime': '2014-04-14T16:11Z', 'au': 2.0, 'estimatedShockArrivalTime': '2014-04-17T12:00Z', 'estimatedDuration': None, 'rmin_re': None, 'kp_18': None, 'kp_90': None, 'kp_135': None, 'kp_180': None, 'isEarthGB': True, 'link': 'https://kauai.ccmc.gsfc.nasa.gov/DONKI/view/WSA-ENLIL/5214/-1', 'impactList': None, 'cmeIDs': ['2014-04-14T13:24:00-CME-001']}]}]",2014.04.11_01:24_TAI
1.077284e+22,114.543,0.0055897,8181.353,36.475,1362.479,75.301,0.01525648,51.603,122.684,0.33513686,27585680000000.0,4130795000000.0,2.020818e+23,41.173,660.963623,4.481,103.952,3999,12037,"[{'isMostAccurate': True, 'time21_5': '2014-04-18T02:32Z', 'latitude': -46.0, 'longitude': 51.0, 'halfAngle': 34.0, 'speed': 744.0, 'type': 'C', 'featureCode': 'null', 'imageType': None, 'measurementTechnique': 'null', 'note': 'measurement based on C3 images and a longitude of ~50 (assuming source is filament). STA and C3 images combined give long ~90 - too far west!', 'levelOfData': 0, 'tilt': None, 'minorHalfWidth': None, 'speedMeasuredAtHeight': None, 'submissionTime': '2014-04-18T04:03Z', 'link': 'https://kauai.ccmc.gsfc.nasa.gov/DONKI/view/CMEAnalysis/5244/-1', 'enlilList': [{'modelCompletionTime': '2014-04-18T00:41Z', 'au': 2.0, 'estimatedShockArrivalTime': None, 'estimatedDuration': None, 'rmin_re': None, 'kp_18': None, 'kp_90': None, 'kp_135': None, 'kp_180': None, 'isEarthGB': False, 'link': 'https://kauai.ccmc.gsfc.nasa.gov/DONKI/view/WSA-ENLIL/5257/-1', 'impactList': None, 'cmeIDs': ['2014-04-18T00:12:00-CME-001']}]}]",2014.04.14_12:12_TAI
3.420277e+22,112.066,0.00645539,7429.86,31.237,3013.61,63.329,0.0190338,46.628,113.017,0.17529383,64010150000000.0,6629472000000.0,5.810389e+23,37.487,2781.512207,4.466,380.126,4000,12038,"[{'isMostAccurate': True, 'time21_5': '2014-04-22T13:48Z', 'latitude': 63.0, 'longitude': 10.0, 'halfAngle': 21.0, 'speed': 240.0, 'type': 'S', 'featureCode': 'null', 'imageType': None, 'measurementTechnique': 'null', 'note': '', 'levelOfData': 0, 'tilt': None, 'minorHalfWidth': None, 'speedMeasuredAtHeight': None, 'submissionTime': '2014-04-22T13:02Z', 'link': 'https://kauai.ccmc.gsfc.nasa.gov/DONKI/view/CMEAnalysis/5284/-1', 'enlilList': []}]",2014.04.18_09:28_TAI
4.927414e+22,102.846,0.00274955,9428.02,45.725,4362.659,64.124,0.00674671,54.508,107.969,0.1878109,93652460000000.0,11539380000000.0,1.053315e+24,45.281,2845.18335,4.827,231.298,4197,12085,"[{'isMostAccurate': True, 'time21_5': '2014-06-13T06:13Z', 'latitude': -51.0, 'longitude': 40.0, 'halfAngle': 12.0, 'speed': 285.0, 'type': 'S', 'featureCode': 'null', 'imageType': None, 'measurementTechnique': 'null', 'note': 'based on STA only and using flare source as location, should be remeasured with additional images', 'levelOfData': 0, 'tilt': None, 'minorHalfWidth': None, 'speedMeasuredAtHeight': None, 'submissionTime': '2014-06-13T00:33Z', 'link': 'https://kauai.ccmc.gsfc.nasa.gov/DONKI/view/CMEAnalysis/5766/-1', 'enlilList': []}]",2014.06.09_06:39_TAI
1.627976e+22,84.702,0.00422074,3146.471,8.508,850.513,36.726,0.01207284,28.578,87.888,-0.29070619,16012910000000.0,5135142000000.0,9.984478e+22,23.548,317.598969,3.556,100.846,4252,12093,"[{'isMostAccurate': True, 'time21_5': '2014-06-21T05:00Z', 'latitude': -16.0, 'longitude': -29.0, 'halfAngle': 35.0, 'speed': 250.0, 'type': 'S', 'featureCode': 'null', 'imageType': None, 'measurementTechnique': 'null', 'note': '', 'levelOfData': 0, 'tilt': None, 'minorHalfWidth': None, 'speedMeasuredAtHeight': None, 'submissionTime': '2014-06-21T19:47Z', 'link': 'https://kauai.ccmc.gsfc.nasa.gov/DONKI/view/CMEAnalysis/5846/-1', 'enlilList': [{'modelCompletionTime': '2014-06-21T19:36Z', 'au': 2.0, 'estimatedShockArrivalTime': '2014-06-24T20:00Z', 'estimatedDuration': None, 'rmin_re': None, 'kp_18': None, 'kp_90': 2, 'kp_135': 3, 'kp_180': 3, 'isEarthGB': True, 'link': 'https://kauai.ccmc.gsfc.nasa.gov/DONKI/view/WSA-ENLIL/5844/-1', 'impactList': [{'isGlancingBlow': False, 'isMinorImpact': False, 'location': 'MESSENGER', 'arrivalTime': '2014-06-22T19:52Z'}], 'cmeIDs': ['2014-06-20T12:24:00-CME-001', '2014-06-21T05:36:00-CME-001']}]}]",2014.06.17_00:24_TAI
2.916145e+22,108.633,-0.00153193,3468.582,15.375,1809.679,47.442,-0.0054429,35.315,107.655,0.14887241,41441200000000.0,4002439000000.0,2.278756e+23,28.958,1595.633789,3.619,75.78,4294,12106,"[{'isMostAccurate': True, 'time21_5': '2014-07-11T12:52Z', 'latitude': 42.0, 'longitude': 82.0, 'halfAngle': 20.0, 'speed': 815.0, 'type': 'C', 'featureCode': 'null', 'imageType': None, 'measurementTechnique': 'null', 'note': '', 'levelOfData': 0, 'tilt': None, 'minorHalfWidth': None, 'speedMeasuredAtHeight': None, 'submissionTime': '2014-07-11T15:41Z', 'link': 'https://kauai.ccmc.gsfc.nasa.gov/DONKI/view/CMEAnalysis/5982/-1', 'enlilList': [{'modelCompletionTime': '2014-07-11T15:17Z', 'au': 2.0, 'estimatedShockArrivalTime': None, 'estimatedDuration': None, 'rmin_re': None, 'kp_18': None, 'kp_90': None, 'kp_135': None, 'kp_180': None, 'isEarthGB': False, 'link': 'https://kauai.ccmc.gsfc.nasa.gov/DONKI/view/WSA-ENLIL/5983/-1', 'impactList': None, 'cmeIDs': ['2014-07-11T09:24:00-CME-001']}]}]",2014.07.07_21:24_TAI
2.682071e+21,110.807,0.01119659,6152.08,40.858,226.38,70.942,0.02692503,53.583,112.322,0.47893161,5141529000000.0,2399730000000.0,3.655364e+22,42.167,112.994667,2.18,50.094,4375,12119,[],2014.07.19_20:12_TAI
5.007101e+22,84.315,0.00174454,6986.416,25.171,3197.921,43.127,0.00442225,39.842,91.208,-0.22124436,61238760000000.0,8900710000000.0,6.886798e+23,33.005,1661.026733,0.0,129.485,4396,12132,"[{'isMostAccurate': True, 'time21_5': '2014-08-03T07:22Z', 'latitude': -26.0, 'longitude': -45.0, 'halfAngle': 22.0, 'speed': 750.0, 'type': 'C', 'featureCode': 'null', 'imageType': None, 'measurementTechnique': 'null', 'note': '', 'levelOfData': 0, 'tilt': None, 'minorHalfWidth': None, 'speedMeasuredAtHeight': None, 'submissionTime': '2014-08-03T13:22Z', 'link': 'https://kauai.ccmc.gsfc.nasa.gov/DONKI/view/CMEAnalysis/6318/-1', 'enlilList': [{'modelCompletionTime': '2014-08-03T13:03Z', 'au': 2.0, 'estimatedShockArrivalTime': None, 'estimatedDuration': None, 'rmin_re': None, 'kp_18': None, 'kp_90': None, 'kp_135': None, 'kp_180': None, 'isEarthGB': False, 'link': 'https://kauai.ccmc.gsfc.nasa.gov/DONKI/view/WSA-ENLIL/6316/-1', 'impactList': None, 'cmeIDs': ['2014-08-03T03:24:00-CME-001']}]}]",2014.07.30_15:24_TAI
6.094596e+22,104.777,0.00234608,6071.309,26.196,4404.376,53.401,0.00617789,41.531,109.284,-0.03523392,91170680000000.0,6195850000000.0,7.559759e+23,34.91,2728.140381,4.751,219.962,4396,12132,"[{'isMostAccurate': True, 'time21_5': '2014-08-05T02:46Z', 'latitude': -50.0, 'longitude': -90.0, 'halfAngle': 15.0, 'speed': 800.0, 'type': 'C', 'featureCode': 'null', 'imageType': None, 'measurementTechnique': 'null', 'note': 'This is plane of sky only.', 'levelOfData': 0, 'tilt': None, 'minorHalfWidth': None, 'speedMeasuredAtHeight': None, 'submissionTime': '2014-08-05T12:58Z', 'link': 'https://kauai.ccmc.gsfc.nasa.gov/DONKI/view/CMEAnalysis/6332/-1', 'enlilList': []}, {'isMostAccurate': False, 'time21_5': '2014-08-05T01:19Z', 'latitude': -25.0, 'longitude': -27.0, 'halfAngle': 18.0, 'speed': 1100.0, 'type': 'O', 'featureCode': 'null', 'imageType': None, 'measurementTechnique': 'null', 'note': 'This is the same measurement reprojected to come from the flaring region.', 'levelOfData': 0, 'tilt': None, 'minorHalfWidth': None, 'speedMeasuredAtHeight': None, 'submissionTime': '2014-08-05T12:58Z', 'link': 'https://kauai.ccmc.gsfc.nasa.gov/DONKI/view/CMEAnalysis/6333/-1', 'enlilList': []}]",2014.08.01_10:24_TAI
1.350453e+23,78.504,-0.00462351,13067.64,31.867,8535.101,42.173,-0.00881102,42.914,89.405,0.02671676,145663000000000.0,33807760000000.0,3.179153e+24,37.459,4197.317871,5.041,846.972,4698,12192,"[{'isMostAccurate': True, 'time21_5': '2014-10-23T07:49Z', 'latitude': -72.0, 'longitude': -5.0, 'halfAngle': 16.0, 'speed': 326.0, 'type': 'S', 'featureCode': 'null', 'imageType': None, 'measurementTechnique': 'null', 'note': 'POS measurements only with SOHO.  The longitude here is the longitude of the 2192 AR.', 'levelOfData': 0, 'tilt': None, 'minorHalfWidth': None, 'speedMeasuredAtHeight': None, 'submissionTime': '2014-10-23T14:27Z', 'link': 'https://kauai.ccmc.gsfc.nasa.gov/DONKI/view/CMEAnalysis/7007/-1', 'enlilList': []}]",2014.10.19_05:36_TAI
3.623848e+22,111.104,0.03066259,8197.812,27.256,3936.8,59.496,0.07756215,42.011,116.727,0.05649932,65390320000000.0,65335330000000.0,6.039922e+23,35.57,1562.790771,4.789,1701.099,4781,12205,"[{'isMostAccurate': True, 'time21_5': '2014-11-11T16:33Z', 'latitude': 39.0, 'longitude': 46.0, 'halfAngle': 20.0, 'speed': 900.0, 'type': 'C', 'featureCode': 'null', 'imageType': None, 'measurementTechnique': 'null', 'note': 'This was a narrow non-radial CME, difficult to measure.  Also, C3 pylon overlapped with part of CME.', 'levelOfData': 0, 'tilt': None, 'minorHalfWidth': None, 'speedMeasuredAtHeight': None, 'submissionTime': '2014-11-11T20:57Z', 'link': 'https://kauai.ccmc.gsfc.nasa.gov/DONKI/view/CMEAnalysis/7213/-1', 'enlilList': [{'modelCompletionTime': '2014-11-12T02:44Z', 'au': 2.0, 'estimatedShockArrivalTime': None, 'estimatedDuration': None, 'rmin_re': None, 'kp_18': None, 'kp_90': None, 'kp_135': None, 'kp_180': None, 'isEarthGB': False, 'link': 'https://kauai.ccmc.gsfc.nasa.gov/DONKI/view/WSA-ENLIL/7214/-1', 'impactList': None, 'cmeIDs': ['2014-11-11T12:36:00-CME-001']}]}]",2014.11.08_00:36_TAI
3.90908e+22,82.53,0.00323869,3279.402,10.957,1848.797,37.385,0.00894625,30.669,85.969,-0.05324642,36808900000000.0,9226736000000.0,2.428237e+23,25.128,1033.229004,3.65,180.564,4800,12207,"[{'isMostAccurate': True, 'time21_5': '2014-11-14T05:47Z', 'latitude': -42.0, 'longitude': 29.0, 'halfAngle': 32.0, 'speed': 750.0, 'type': 'C', 'featureCode': 'null', 'imageType': None, 'measurementTechnique': 'null', 'note': 'Despite the central location of the source on the disk the CME direction is much more southward.\nThe SW direction of the CME is supported by AIA 304 imagery, where the dark filament is seem moving SW after 01:45.', 'levelOfData': 0, 'tilt': None, 'minorHalfWidth': None, 'speedMeasuredAtHeight': None, 'submissionTime': '2014-11-14T19:16Z', 'link': 'https://kauai.ccmc.gsfc.nasa.gov/DONKI/view/CMEAnalysis/7224/-1', 'enlilList': []}]",2014.11.10_13:54_TAI
2.054233e+21,109.468,-0.0021502,2885.242,4.594,108.503,47.824,-0.00514012,29.563,111.828,0.06480549,2048031000000.0,91384200000.0,1.051043e+22,22.548,50.729076,0.0,5.896,4839,12215,"[{'isMostAccurate': True, 'time21_5': '2014-11-21T13:01Z', 'latitude': 53.0, 'longitude': -58.0, 'halfAngle': 25.0, 'speed': 350.0, 'type': 'S', 'featureCode': 'null', 'imageType': None, 'measurementTechnique': 'null', 'note': 'Source location not certain since the CME longitude is different from the location of AR2215 that looks like the potential source.', 'levelOfData': 0, 'tilt': None, 'minorHalfWidth': None, 'speedMeasuredAtHeight': None, 'submissionTime': '2014-11-21T21:29Z', 'link': 'https://kauai.ccmc.gsfc.nasa.gov/DONKI/view/CMEAnalysis/7257/-1', 'enlilList': []}]",2014.11.17_14:48_TAI
2.32043e+21,108.329,0.0008041,2301.973,6.156,125.195,44.16,0.00240385,29.781,109.161,-0.06512175,2620092000000.0,579178100000.0,1.082527e+22,23.532,47.073338,0.0,2.847,4839,12215,"[{'isMostAccurate': True, 'time21_5': '2014-11-21T18:45Z', 'latitude': 46.0, 'longitude': -32.0, 'halfAngle': 21.0, 'speed': 290.0, 'type': 'S', 'featureCode': 'null', 'imageType': None, 'measurementTechnique': 'null', 'note': 'source location uncertain since dimming is insignificant', 'levelOfData': 0, 'tilt': None, 'minorHalfWidth': None, 'speedMeasuredAtHeight': None, 'submissionTime': '2014-11-21T21:23Z', 'link': 'https://kauai.ccmc.gsfc.nasa.gov/DONKI/view/CMEAnalysis/7259/-1', 'enlilList': []}]",2014.11.17_19:12_TAI
2.089375e+22,124.428,-0.00111968,4148.406,18.23,1771.197,60.162,-0.00306201,38.554,125.97,0.10750249,33906730000000.0,1758841000000.0,1.76313e+23,31.074,1018.773376,4.041,35.833,4862,12226,"[{'isMostAccurate': True, 'time21_5': '2014-12-05T13:50Z', 'latitude': 14.0, 'longitude': 76.0, 'halfAngle': 44.0, 'speed': 445.0, 'type': 'S', 'featureCode': 'null', 'imageType': None, 'measurementTechnique': 'null', 'note': '', 'levelOfData': 0, 'tilt': None, 'minorHalfWidth': None, 'speedMeasuredAtHeight': None, 'submissionTime': '2014-12-05T15:37Z', 'link': 'https://kauai.ccmc.gsfc.nasa.gov/DONKI/view/CMEAnalysis/7336/-1', 'enlilList': [{'modelCompletionTime': '2014-12-05T14:13Z', 'au': 2.0, 'estimatedShockArrivalTime': None, 'estimatedDuration': None, 'rmin_re': None, 'kp_18': None, 'kp_90': None, 'kp_135': None, 'kp_180': None, 'isEarthGB': False, 'link': 'https://kauai.ccmc.gsfc.nasa.gov/DONKI/view/WSA-ENLIL/7334/-1', 'impactList': None, 'cmeIDs': ['2014-12-05T06:24:00-CME-001']}]}]",2014.12.01_18:24_TAI
2.719632e+22,91.282,0.01328877,14171.29,51.58,2197.677,57.848,0.02513787,54.86,97.828,-0.06523808,43338370000000.0,27051530000000.0,7.702128e+23,47.394,1242.325928,4.669,543.83,4941,12241,"[{'isMostAccurate': True, 'time21_5': '2014-12-25T09:58Z', 'latitude': 16.0, 'longitude': 90.0, 'halfAngle': 19.0, 'speed': 760.0, 'type': 'C', 'featureCode': 'null', 'imageType': None, 'measurementTechnique': 'null', 'note': '', 'levelOfData': 0, 'tilt': None, 'minorHalfWidth': None, 'speedMeasuredAtHeight': None, 'submissionTime': '2014-12-26T14:33Z', 'link': 'https://kauai.ccmc.gsfc.nasa.gov/DONKI/view/CMEAnalysis/7474/-1', 'enlilList': [{'modelCompletionTime': '2014-12-26T14:00Z', 'au': 2.0, 'estimatedShockArrivalTime': None, 'estimatedDuration': None, 'rmin_re': None, 'kp_18': None, 'kp_90': None, 'kp_135': None, 'kp_180': None, 'isEarthGB': False, 'link': 'https://kauai.ccmc.gsfc.nasa.gov/DONKI/view/WSA-ENLIL/7473/-1', 'impactList': None, 'cmeIDs': ['2014-12-25T05:36:00-CME-001', '2014-12-25T09:12:00-CME-001', '2014-12-26T05:48:00-CME-001']}]}, {'isMostAccurate': False, 'time21_5': '2014-12-25T09:54Z', 'latitude': 16.0, 'longitude': 90.0, 'halfAngle': 19.0, 'speed': 760.0, 'type': 'C', 'featureCode': 'null', 'imageType': None, 'measurementTechnique': 'null', 'note': '', 'levelOfData': 0, 'tilt': None, 'minorHalfWidth': None, 'speedMeasuredAtHeight': None, 'submissionTime': '2014-12-25T16:40Z', 'link': 'https://kauai.ccmc.gsfc.nasa.gov/DONKI/view/CMEAnalysis/7468/-1', 'enlilList': [{'modelCompletionTime': '2014-12-25T16:30Z', 'au': 2.0, 'estimatedShockArrivalTime': None, 'estimatedDuration': None, 'rmin_re': None, 'kp_18': None, 'kp_90': None, 'kp_135': None, 'kp_180': None, 'isEarthGB': False, 'link': 'https://kauai.ccmc.gsfc.nasa.gov/DONKI/view/WSA-ENLIL/7466/-1', 'impactList': None, 'cmeIDs': ['2014-12-25T05:36:00-CME-001', '2014-12-25T09:12:00-CME-001']}, {'modelCompletionTime': '2014-12-25T17:45Z', 'au': 5.5, 'estimatedShockArrivalTime': None, 'estimatedDuration': None, 'rmin_re': None, 'kp_18': None, 'kp_90': None, 'kp_135': None, 'kp_180': None, 'isEarthGB': False, 'link': 'https://kauai.ccmc.gsfc.nasa.gov/DONKI/view/WSA-ENLIL/7471/-1', 'impactList': None, 'cmeIDs': ['2014-12-25T05:36:00-CME-001', '2014-12-25T09:12:00-CME-001']}]}]",2014.12.21_17:36_TAI
2.776958e+22,88.31,0.01203345,13340.48,50.762,2135.64,55.219,0.02456097,54.39,93.894,0.03022983,43830900000000.0,26657390000000.0,7.729285e+23,47.397,1213.456543,4.607,524.971,4941,12241,"[{'isMostAccurate': True, 'time21_5': '2014-12-25T12:26Z', 'latitude': 16.0, 'longitude': 90.0, 'halfAngle': 20.0, 'speed': 970.0, 'type': 'C', 'featureCode': 'null', 'imageType': None, 'measurementTechnique': 'null', 'note': '', 'levelOfData': 0, 'tilt': None, 'minorHalfWidth': None, 'speedMeasuredAtHeight': None, 'submissionTime': '2014-12-25T16:40Z', 'link': 'https://kauai.ccmc.gsfc.nasa.gov/DONKI/view/CMEAnalysis/7470/-1', 'enlilList': [{'modelCompletionTime': '2014-12-25T16:30Z', 'au': 2.0, 'estimatedShockArrivalTime': None, 'estimatedDuration': None, 'rmin_re': None, 'kp_18': None, 'kp_90': None, 'kp_135': None, 'kp_180': None, 'isEarthGB': False, 'link': 'https://kauai.ccmc.gsfc.nasa.gov/DONKI/view/WSA-ENLIL/7466/-1', 'impactList': None, 'cmeIDs': ['2014-12-25T05:36:00-CME-001', '2014-12-25T09:12:00-CME-001']}, {'modelCompletionTime': '2014-12-25T17:45Z', 'au': 5.5, 'estimatedShockArrivalTime': None, 'estimatedDuration': None, 'rmin_re': None, 'kp_18': None, 'kp_90': None, 'kp_135': None, 'kp_180': None, 'isEarthGB': False, 'link': 'https://kauai.ccmc.gsfc.nasa.gov/DONKI/view/WSA-ENLIL/7471/-1', 'impactList': None, 'cmeIDs': ['2014-12-25T05:36:00-CME-001', '2014-12-25T09:12:00-CME-001']}, {'modelCompletionTime': '2014-12-26T14:00Z', 'au': 2.0, 'estimatedShockArrivalTime': None, 'estimatedDuration': None, 'rmin_re': None, 'kp_18': None, 'kp_90': None, 'kp_135': None, 'kp_180': None, 'isEarthGB': False, 'link': 'https://kauai.ccmc.gsfc.nasa.gov/DONKI/view/WSA-ENLIL/7473/-1', 'impactList': None, 'cmeIDs': ['2014-12-25T05:36:00-CME-001', '2014-12-25T09:12:00-CME-001', '2014-12-26T05:48:00-CME-001']}]}]",2014.12.21_21:12_TAI
2.930312e+22,91.923,0.00664822,10910.67,36.534,1929.72,49.019,0.01448281,46.294,97.57,-0.15319385,40018930000000.0,17233970000000.0,6.401762e+23,40.689,1158.265625,4.502,293.718,4941,12241,"[{'isMostAccurate': True, 'time21_5': '2014-12-26T09:36Z', 'latitude': 10.0, 'longitude': 95.0, 'halfAngle': 21.0, 'speed': 918.0, 'type': 'C', 'featureCode': 'null', 'imageType': None, 'measurementTechnique': 'null', 'note': '', 'levelOfData': 0, 'tilt': None, 'minorHalfWidth': None, 'speedMeasuredAtHeight': None, 'submissionTime': '2014-12-26T14:33Z', 'link': 'https://kauai.ccmc.gsfc.nasa.gov/DONKI/view/CMEAnalysis/7476/-1', 'enlilList': [{'modelCompletionTime': '2014-12-26T14:00Z', 'au': 2.0, 'estimatedShockArrivalTime': None, 'estimatedDuration': None, 'rmin_re': None, 'kp_18': None, 'kp_90': None, 'kp_135': None, 'kp_180': None, 'isEarthGB': False, 'link': 'https://kauai.ccmc.gsfc.nasa.gov/DONKI/view/WSA-ENLIL/7473/-1', 'impactList': None, 'cmeIDs': ['2014-12-25T05:36:00-CME-001', '2014-12-25T09:12:00-CME-001', '2014-12-26T05:48:00-CME-001']}]}]",2014.12.22_17:48_TAI
2.50444e+22,115.247,-0.00332892,7694.751,28.475,1760.163,60.199,-0.00877355,44.526,116.551,0.46505809,38875820000000.0,9553461000000.0,4.126726e+23,35.398,2304.494385,3.787,134.425,5039,12259,"[{'isMostAccurate': True, 'time21_5': '2015-01-17T17:52Z', 'latitude': -42.0, 'longitude': 41.0, 'halfAngle': 16.0, 'speed': 437.0, 'type': 'S', 'featureCode': 'null', 'imageType': None, 'measurementTechnique': 'null', 'note': '', 'levelOfData': 0, 'tilt': None, 'minorHalfWidth': None, 'speedMeasuredAtHeight': None, 'submissionTime': '2015-01-18T13:50Z', 'link': 'https://kauai.ccmc.gsfc.nasa.gov/DONKI/view/CMEAnalysis/7619/-1', 'enlilList': []}]",2015.01.13_22:36_TAI
4.138598e+21,141.091,0.00340799,1614.653,4.822,386.008,65.421,0.01265283,33.368,146.233,0.48030207,8004938000000.0,1647890000000.0,1.422978e+22,21.727,845.018005,1.979,22.615,5230,12289,"[{'isMostAccurate': True, 'time21_5': '2015-02-27T18:31Z', 'latitude': 0.0, 'longitude': 44.0, 'halfAngle': 30.0, 'speed': 255.0, 'type': 'S', 'featureCode': 'null', 'imageType': None, 'measurementTechnique': 'null', 'note': '', 'levelOfData': 0, 'tilt': None, 'minorHalfWidth': None, 'speedMeasuredAtHeight': None, 'submissionTime': '2015-02-27T14:16Z', 'link': 'https://kauai.ccmc.gsfc.nasa.gov/DONKI/view/CMEAnalysis/7843/-1', 'enlilList': []}]",2015.02.23_18:36_TAI
1.203487e+22,109.366,-0.0001653,2206.542,6.949,672.657,43.575,-0.00055629,29.878,109.105,0.16720667,14171390000000.0,1629645000000.0,5.541356e+22,25.216,455.199677,2.936,3.126,5233,12290,"[{'isMostAccurate': True, 'time21_5': '2015-03-02T19:18Z', 'latitude': 26.0, 'longitude': 78.0, 'halfAngle': 30.0, 'speed': 241.0, 'type': 'S', 'featureCode': 'null', 'imageType': None, 'measurementTechnique': 'null', 'note': '', 'levelOfData': 0, 'tilt': None, 'minorHalfWidth': None, 'speedMeasuredAtHeight': None, 'submissionTime': '2015-03-02T18:01Z', 'link': 'https://kauai.ccmc.gsfc.nasa.gov/DONKI/view/CMEAnalysis/7890/-1', 'enlilList': []}]",2015.02.26_18:24_TAI
2.478893e+22,102.469,0.04123184,13589.74,41.795,3018.51,63.752,0.08754374,50.658,112.75,0.2149213,50850430000000.0,62642260000000.0,6.968606e+23,43.674,1324.260498,5.018,1591.961,5298,12297,"[{'isMostAccurate': True, 'time21_5': '2015-03-15T05:23Z', 'latitude': -59.0, 'longitude': 15.0, 'halfAngle': 34.0, 'speed': 282.0, 'type': 'S', 'featureCode': 'null', 'imageType': None, 'measurementTechnique': 'null', 'note': 'measurement made by Sandro on SWPC_Cat', 'levelOfData': 0, 'tilt': None, 'minorHalfWidth': None, 'speedMeasuredAtHeight': None, 'submissionTime': '2015-03-15T04:07Z', 'link': 'https://kauai.ccmc.gsfc.nasa.gov/DONKI/view/CMEAnalysis/8013/-1', 'enlilList': []}]",2015.03.11_05:06_TAI
3.242924e+22,102.904,0.02201861,9621.242,25.106,2904.153,50.577,0.04934744,39.405,108.778,0.23633501,46519280000000.0,29557910000000.0,6.040533e+23,33.739,1211.984619,4.793,1040.886,5298,12297,"[{'isMostAccurate': True, 'time21_5': '2015-03-20T07:14Z', 'latitude': -3.0, 'longitude': 88.0, 'halfAngle': 39.0, 'speed': 825.0, 'type': 'C', 'featureCode': 'null', 'imageType': None, 'measurementTechnique': 'null', 'note': '', 'levelOfData': 0, 'tilt': None, 'minorHalfWidth': None, 'speedMeasuredAtHeight': None, 'submissionTime': '2015-03-20T14:32Z', 'link': 'https://kauai.ccmc.gsfc.nasa.gov/DONKI/view/CMEAnalysis/8067/-1', 'enlilList': [{'modelCompletionTime': '2015-03-20T14:05Z', 'au': 2.0, 'estimatedShockArrivalTime': None, 'estimatedDuration': None, 'rmin_re': None, 'kp_18': None, 'kp_90': None, 'kp_135': None, 'kp_180': None, 'isEarthGB': False, 'link': 'https://kauai.ccmc.gsfc.nasa.gov/DONKI/view/WSA-ENLIL/8065/-1', 'impactList': [{'isGlancingBlow': False, 'isMinorImpact': False, 'location': 'MESSENGER', 'arrivalTime': '2015-03-21T03:22Z'}], 'cmeIDs': ['2015-03-20T02:00:00-CME-001']}, {'modelCompletionTime': '2015-03-20T16:14Z', 'au': 5.5, 'estimatedShockArrivalTime': None, 'estimatedDuration': None, 'rmin_re': None, 'kp_18': None, 'kp_90': None, 'kp_135': None, 'kp_180': None, 'isEarthGB': False, 'link': 'https://kauai.ccmc.gsfc.nasa.gov/DONKI/view/WSA-ENLIL/8068/-1', 'impactList': [{'isGlancingBlow': False, 'isMinorImpact': False, 'location': 'Dawn', 'arrivalTime': '2015-03-27T16:54Z'}, {'isGlancingBlow': False, 'isMinorImpact': False, 'location': 'MESSENGER', 'arrivalTime': '2015-03-21T02:12Z'}], 'cmeIDs': ['2015-03-20T02:00:00-CME-001']}]}]",2015.03.16_14:00_TAI
8.755077e+21,107.977,-0.00015931,4953.412,18.949,527.044,47.949,-0.00048717,37.347,108.603,0.13949032,12341490000000.0,1831817000000.0,9.536635e+22,30.597,383.534546,3.97,2.309,5342,12309,"[{'isMostAccurate': True, 'time21_5': '2015-03-30T04:00Z', 'latitude': 14.0, 'longitude': 95.0, 'halfAngle': 33.0, 'speed': 175.0, 'type': 'S', 'featureCode': 'null', 'imageType': None, 'measurementTechnique': 'null', 'note': 'Very slow. Measured based on one of the features that seemed to have some structure', 'levelOfData': 0, 'tilt': None, 'minorHalfWidth': None, 'speedMeasuredAtHeight': None, 'submissionTime': '2015-03-29T21:46Z', 'link': 'https://kauai.ccmc.gsfc.nasa.gov/DONKI/view/CMEAnalysis/8115/-1', 'enlilList': []}]",2015.03.25_12:00_TAI
6.090285e+21,83.809,0.00106955,913.3865,0.27,217.164,26.822,0.00502642,23.377,84.361,0.07914111,5298784000000.0,482767400000.0,1.300477e+22,18.886,112.182907,3.223,11.464,5366,12317,[],2015.04.02_23:36_TAI
2.167591e+22,111.033,0.00163287,4149.589,18.383,1534.914,52.979,0.00510387,37.829,112.256,0.21946657,34483240000000.0,4046602000000.0,1.929069e+23,31.32,1143.591675,3.527,57.157,5415,12320,"[{'isMostAccurate': True, 'time21_5': '2015-04-10T07:00Z', 'latitude': -15.0, 'longitude': 45.0, 'halfAngle': 45.0, 'speed': 500.0, 'type': 'C', 'featureCode': 'null', 'imageType': None, 'measurementTechnique': 'null', 'note': '', 'levelOfData': 0, 'tilt': None, 'minorHalfWidth': None, 'speedMeasuredAtHeight': None, 'submissionTime': '2015-04-10T15:12Z', 'link': 'https://kauai.ccmc.gsfc.nasa.gov/DONKI/view/CMEAnalysis/8204/-1', 'enlilList': [{'modelCompletionTime': '2015-04-10T15:31Z', 'au': 2.0, 'estimatedShockArrivalTime': '2015-04-13T06:00Z', 'estimatedDuration': None, 'rmin_re': None, 'kp_18': None, 'kp_90': None, 'kp_135': None, 'kp_180': None, 'isEarthGB': True, 'link': 'https://kauai.ccmc.gsfc.nasa.gov/DONKI/view/WSA-ENLIL/8205/-1', 'impactList': None, 'cmeIDs': ['2015-04-09T23:12:00-CME-001']}]}, {'isMostAccurate': False, 'time21_5': '2015-04-10T04:24Z', 'latitude': -10.0, 'longitude': 39.0, 'halfAngle': 29.0, 'speed': 450.0, 'type': 'S', 'featureCode': 'null', 'imageType': None, 'measurementTechnique': 'null', 'note': 'fit with SWPC_cat, C3 only, lon range between 26-48 give good fit (choose 39), speed between 400-500 km/s', 'levelOfData': 0, 'tilt': None, 'minorHalfWidth': None, 'speedMeasuredAtHeight': None, 'submissionTime': '2015-04-10T02:49Z', 'link': 'https://kauai.ccmc.gsfc.nasa.gov/DONKI/view/CMEAnalysis/8199/-1', 'enlilList': [{'modelCompletionTime': '2015-04-10T02:18Z', 'au': 2.0, 'estimatedShockArrivalTime': None, 'estimatedDuration': None, 'rmin_re': None, 'kp_18': None, 'kp_90': None, 'kp_135': None, 'kp_180': None, 'isEarthGB': False, 'link': 'https://kauai.ccmc.gsfc.nasa.gov/DONKI/view/WSA-ENLIL/8200/-1', 'impactList': None, 'cmeIDs': ['2015-04-09T23:12:00-CME-001']}]}]",2015.04.06_11:12_TAI
1.426075e+22,118.383,0.01703871,6182.795,27.267,1595.561,69.062,0.05672783,45.412,123.218,0.35887036,31501850000000.0,18787880000000.0,2.058586e+23,35.01,1449.585571,4.497,427.16,5415,12320,"[{'isMostAccurate': True, 'time21_5': '2015-04-13T05:45Z', 'latitude': -1.0, 'longitude': 61.0, 'halfAngle': 42.0, 'speed': 556.0, 'type': 'C', 'featureCode': 'null', 'imageType': None, 'measurementTechnique': 'null', 'note': '', 'levelOfData': 0, 'tilt': None, 'minorHalfWidth': None, 'speedMeasuredAtHeight': None, 'submissionTime': '2015-04-13T16:24Z', 'link': 'https://kauai.ccmc.gsfc.nasa.gov/DONKI/view/CMEAnalysis/8223/-1', 'enlilList': [{'modelCompletionTime': '2015-04-13T13:31Z', 'au': 2.0, 'estimatedShockArrivalTime': None, 'estimatedDuration': None, 'rmin_re': None, 'kp_18': None, 'kp_90': None, 'kp_135': None, 'kp_180': None, 'isEarthGB': False, 'link': 'https://kauai.ccmc.gsfc.nasa.gov/DONKI/view/WSA-ENLIL/8222/-1', 'impactList': None, 'cmeIDs': ['2015-04-13T00:00:00-CME-001']}]}, {'isMostAccurate': False, 'time21_5': '2015-04-13T04:08Z', 'latitude': -6.0, 'longitude': 68.0, 'halfAngle': 42.0, 'speed': 820.0, 'type': 'C', 'featureCode': 'null', 'imageType': None, 'measurementTechnique': 'null', 'note': '', 'levelOfData': 0, 'tilt': None, 'minorHalfWidth': None, 'speedMeasuredAtHeight': None, 'submissionTime': '2015-04-13T04:17Z', 'link': 'https://kauai.ccmc.gsfc.nasa.gov/DONKI/view/CMEAnalysis/8221/-1', 'enlilList': []}]",2015.04.09_12:00_TAI
2.450313e+22,99.911,0.00838434,9796.792,38.557,1922.485,59.801,0.01876296,49.059,102.259,0.08865698,38406540000000.0,9724243000000.0,4.994109e+23,40.545,1305.845581,4.518,321.816,5462,12327,"[{'isMostAccurate': True, 'time21_5': '2015-04-28T20:48Z', 'latitude': -26.0, 'longitude': None, 'halfAngle': 29.0, 'speed': 550.0, 'type': 'C', 'featureCode': 'null', 'imageType': None, 'measurementTechnique': 'null', 'note': 'could be backsided', 'levelOfData': 0, 'tilt': None, 'minorHalfWidth': None, 'speedMeasuredAtHeight': None, 'submissionTime': '2015-04-29T19:31Z', 'link': 'https://kauai.ccmc.gsfc.nasa.gov/DONKI/view/CMEAnalysis/8360/-1', 'enlilList': []}, {'isMostAccurate': False, 'time21_5': '2015-04-29T03:31Z', 'latitude': -29.0, 'longitude': None, 'halfAngle': 15.0, 'speed': 200.0, 'type': 'S', 'featureCode': 'null', 'imageType': None, 'measurementTechnique': 'null', 'note': 'POS speed from STEREO_cat, rather close to the disk due to lack of additional images', 'levelOfData': 0, 'tilt': None, 'minorHalfWidth': None, 'speedMeasuredAtHeight': None, 'submissionTime': '2015-04-28T21:09Z', 'link': 'https://kauai.ccmc.gsfc.nasa.gov/DONKI/view/CMEAnalysis/8350/-1', 'enlilList': []}, {'isMostAccurate': False, 'time21_5': '2015-04-29T02:32Z', 'latitude': -27.0, 'longitude': 76.0, 'halfAngle': 29.0, 'speed': 183.0, 'type': 'S', 'featureCode': 'null', 'imageType': None, 'measurementTechnique': 'null', 'note': '', 'levelOfData': 0, 'tilt': None, 'minorHalfWidth': None, 'speedMeasuredAtHeight': None, 'submissionTime': '2015-04-29T03:23Z', 'link': 'https://kauai.ccmc.gsfc.nasa.gov/DONKI/view/CMEAnalysis/8354/-1', 'enlilList': [{'modelCompletionTime': '2015-04-29T01:43Z', 'au': 2.0, 'estimatedShockArrivalTime': None, 'estimatedDuration': None, 'rmin_re': None, 'kp_18': None, 'kp_90': None, 'kp_135': None, 'kp_180': None, 'isEarthGB': False, 'link': 'https://kauai.ccmc.gsfc.nasa.gov/DONKI/view/WSA-ENLIL/8353/-1', 'impactList': [{'isGlancingBlow': False, 'isMinorImpact': False, 'location': 'MESSENGER', 'arrivalTime': '2015-04-29T11:53Z'}], 'cmeIDs': ['2015-04-28T14:29:00-CME-001', '2015-04-28T07:31:00-CME-001']}, {'modelCompletionTime': '2015-04-29T02:40Z', 'au': 5.5, 'estimatedShockArrivalTime': None, 'estimatedDuration': None, 'rmin_re': None, 'kp_18': None, 'kp_90': None, 'kp_135': None, 'kp_180': None, 'isEarthGB': False, 'link': 'https://kauai.ccmc.gsfc.nasa.gov/DONKI/view/WSA-ENLIL/8356/-1', 'impactList': [{'isGlancingBlow': False, 'isMinorImpact': False, 'location': 'MESSENGER', 'arrivalTime': '2015-04-29T11:39Z'}], 'cmeIDs': ['2015-04-28T14:29:00-CME-001', '2015-04-28T07:31:00-CME-001']}]}]",2015.04.24_19:31_TAI
1.141588e+21,127.658,0.00306441,2236.646,10.255,98.12,64.955,0.01244541,36.622,130.547,0.37303436,2189788000000.0,510983300000.0,5.821916e+21,26.91,162.631622,3.112,6.006,5534,12337,"[{'isMostAccurate': True, 'time21_5': '2015-05-12T19:42Z', 'latitude': -3.0, 'longitude': 66.0, 'halfAngle': 21.0, 'speed': 468.0, 'type': 'S', 'featureCode': 'null', 'imageType': None, 'measurementTechnique': 'null', 'note': '', 'levelOfData': 0, 'tilt': None, 'minorHalfWidth': None, 'speedMeasuredAtHeight': None, 'submissionTime': '2015-05-13T00:50Z', 'link': 'https://kauai.ccmc.gsfc.nasa.gov/DONKI/view/CMEAnalysis/8484/-1', 'enlilList': [{'modelCompletionTime': '2015-05-13T00:44Z', 'au': 2.0, 'estimatedShockArrivalTime': None, 'estimatedDuration': None, 'rmin_re': None, 'kp_18': None, 'kp_90': None, 'kp_135': None, 'kp_180': None, 'isEarthGB': False, 'link': 'https://kauai.ccmc.gsfc.nasa.gov/DONKI/view/WSA-ENLIL/8483/-1', 'impactList': None, 'cmeIDs': ['2015-05-12T12:24:00-CME-001']}]}, {'isMostAccurate': False, 'time21_5': '2015-05-12T19:35Z', 'latitude': -1.0, 'longitude': 65.0, 'halfAngle': 21.0, 'speed': 505.0, 'type': 'C', 'featureCode': 'null', 'imageType': None, 'measurementTechnique': 'null', 'note': '', 'levelOfData': 0, 'tilt': None, 'minorHalfWidth': None, 'speedMeasuredAtHeight': None, 'submissionTime': '2015-05-12T22:00Z', 'link': 'https://kauai.ccmc.gsfc.nasa.gov/DONKI/view/CMEAnalysis/8482/-1', 'enlilList': []}]",2015.05.09_00:24_TAI
1.982494e+22,88.574,3.466e-05,2143.788,6.528,958.486,37.238,0.00011346,29.101,89.381,-0.14197469,20098430000000.0,2357644000000.0,8.818154e+22,23.452,447.248871,3.713,1.074,5545,12342,"[{'isMostAccurate': False, 'time21_5': '2015-05-14T07:49Z', 'latitude': 35.0, 'longitude': 0.0, 'halfAngle': 23.0, 'speed': 444.0, 'type': 'S', 'featureCode': 'null', 'imageType': None, 'measurementTechnique': 'null', 'note': '', 'levelOfData': 0, 'tilt': None, 'minorHalfWidth': None, 'speedMeasuredAtHeight': None, 'submissionTime': '2015-05-14T20:27Z', 'link': 'https://kauai.ccmc.gsfc.nasa.gov/DONKI/view/CMEAnalysis/8505/-1', 'enlilList': []}]",2015.05.10_15:36_TAI
5.985319e+21,95.684,0.00795752,7657.338,43.641,447.353,57.627,0.02413293,53.193,95.719,-0.05280218,10744720000000.0,3942547000000.0,1.117096e+23,42.999,416.827332,3.121,87.405,5653,12365,"[{'isMostAccurate': True, 'time21_5': '2015-06-14T08:47Z', 'latitude': -23.0, 'longitude': 40.0, 'halfAngle': 36.0, 'speed': 701.0, 'type': 'C', 'featureCode': 'null', 'imageType': None, 'measurementTechnique': 'null', 'note': '', 'levelOfData': 0, 'tilt': None, 'minorHalfWidth': None, 'speedMeasuredAtHeight': None, 'submissionTime': '2015-06-14T15:22Z', 'link': 'https://kauai.ccmc.gsfc.nasa.gov/DONKI/view/CMEAnalysis/8656/-1', 'enlilList': [{'modelCompletionTime': '2015-06-14T14:39Z', 'au': 2.0, 'estimatedShockArrivalTime': None, 'estimatedDuration': None, 'rmin_re': None, 'kp_18': None, 'kp_90': None, 'kp_135': None, 'kp_180': None, 'isEarthGB': False, 'link': 'https://kauai.ccmc.gsfc.nasa.gov/DONKI/view/WSA-ENLIL/8654/-1', 'impactList': None, 'cmeIDs': ['2015-06-14T04:24:00-CME-001']}]}]",2015.06.10_16:24_TAI
2.775104e+22,107.062,0.00099562,7457.216,36.812,2118.49,59.188,0.00273743,48.966,110.422,0.46613377,49769260000000.0,12045230000000.0,4.714964e+23,40.214,1689.629517,4.248,47.4,5673,12367,"[{'isMostAccurate': True, 'time21_5': '2015-06-21T14:16Z', 'latitude': -36.0, 'longitude': 51.0, 'halfAngle': 17.0, 'speed': 450.0, 'type': 'S', 'featureCode': 'null', 'imageType': None, 'measurementTechnique': 'null', 'note': 'Eruption that merged out of the outflows from the SW quadrant of SOHO. A possible source is faintly visible in SDO AIA 304 around 08:12UT.', 'levelOfData': 0, 'tilt': None, 'minorHalfWidth': None, 'speedMeasuredAtHeight': None, 'submissionTime': '2015-06-22T01:13Z', 'link': 'https://kauai.ccmc.gsfc.nasa.gov/DONKI/view/CMEAnalysis/8751/-1', 'enlilList': [{'modelCompletionTime': '2015-06-22T00:33Z', 'au': 2.0, 'estimatedShockArrivalTime': None, 'estimatedDuration': None, 'rmin_re': None, 'kp_18': None, 'kp_90': None, 'kp_135': None, 'kp_180': None, 'isEarthGB': False, 'link': 'https://kauai.ccmc.gsfc.nasa.gov/DONKI/view/WSA-ENLIL/8749/-1', 'impactList': None, 'cmeIDs': ['2015-06-21T08:00:00-CME-001']}, {'modelCompletionTime': '2015-06-22T00:55Z', 'au': 5.5, 'estimatedShockArrivalTime': None, 'estimatedDuration': None, 'rmin_re': None, 'kp_18': None, 'kp_90': None, 'kp_135': None, 'kp_180': None, 'isEarthGB': False, 'link': 'https://kauai.ccmc.gsfc.nasa.gov/DONKI/view/WSA-ENLIL/8752/-1', 'impactList': None, 'cmeIDs': ['2015-06-21T08:00:00-CME-001']}]}]",2015.06.17_20:00_TAI
3.382463e+22,121.141,-0.00082603,4932.291,22.208,2702.2,61.31,-0.00221527,40.31,123.608,0.12753771,55372780000000.0,3609422000000.0,3.412839e+23,32.922,1740.350952,4.535,43.037,5673,12367,"[{'isMostAccurate': True, 'time21_5': '2015-06-23T06:07Z', 'latitude': -25.0, 'longitude': 80.0, 'halfAngle': 41.0, 'speed': 560.0, 'type': 'C', 'featureCode': 'null', 'imageType': None, 'measurementTechnique': 'null', 'note': 'Measured using swpc_cat.', 'levelOfData': 0, 'tilt': None, 'minorHalfWidth': None, 'speedMeasuredAtHeight': None, 'submissionTime': '2015-06-23T17:07Z', 'link': 'https://kauai.ccmc.gsfc.nasa.gov/DONKI/view/CMEAnalysis/8772/-1', 'enlilList': [{'modelCompletionTime': '2015-06-23T16:59Z', 'au': 2.0, 'estimatedShockArrivalTime': None, 'estimatedDuration': None, 'rmin_re': None, 'kp_18': None, 'kp_90': None, 'kp_135': None, 'kp_180': None, 'isEarthGB': False, 'link': 'https://kauai.ccmc.gsfc.nasa.gov/DONKI/view/WSA-ENLIL/8773/-1', 'impactList': None, 'cmeIDs': ['2015-06-23T00:00:00-CME-001']}]}]",2015.06.19_12:00_TAI
1.055342e+21,155.544,0.00012006,5064.534,18.737,93.18,94.01,0.0002393,47.183,160.311,0.31179404,1824295000000.0,249697800000.0,9.90729e+21,32.245,52.067104,2.447,0.177,5736,12377,"[{'isMostAccurate': True, 'time21_5': '2015-07-06T12:17Z', 'latitude': -8.0, 'longitude': 86.0, 'halfAngle': 16.0, 'speed': 252.0, 'type': 'S', 'featureCode': 'null', 'imageType': None, 'measurementTechnique': 'null', 'note': '', 'levelOfData': 0, 'tilt': None, 'minorHalfWidth': None, 'speedMeasuredAtHeight': None, 'submissionTime': '2015-07-06T13:00Z', 'link': 'https://kauai.ccmc.gsfc.nasa.gov/DONKI/view/CMEAnalysis/8871/-1', 'enlilList': [{'modelCompletionTime': '2015-07-31T16:52Z', 'au': 2.0, 'estimatedShockArrivalTime': None, 'estimatedDuration': None, 'rmin_re': None, 'kp_18': None, 'kp_90': None, 'kp_135': None, 'kp_180': None, 'isEarthGB': False, 'link': 'https://kauai.ccmc.gsfc.nasa.gov/DONKI/view/WSA-ENLIL/9019/-1', 'impactList': None, 'cmeIDs': ['2015-07-05T14:00:00-CME-001']}]}]",2015.07.02_02:00_TAI
6.475537e+21,83.993,0.00315877,5779.792,17.956,363.719,46.652,0.00582378,37.345,95.126,-0.1893594,5908346000000.0,826344700000.0,6.159847e+22,29.654,146.227936,3.703,25.349,5745,12381,"[{'isMostAccurate': True, 'time21_5': '2015-07-07T20:33Z', 'latitude': -8.0, 'longitude': -20.0, 'halfAngle': 15.0, 'speed': 344.0, 'type': 'S', 'featureCode': 'null', 'imageType': None, 'measurementTechnique': 'null', 'note': 'Source appears to be as a result of the on-going activity in AR 2381.', 'levelOfData': 0, 'tilt': None, 'minorHalfWidth': None, 'speedMeasuredAtHeight': None, 'submissionTime': '2015-07-08T03:37Z', 'link': 'https://kauai.ccmc.gsfc.nasa.gov/DONKI/view/CMEAnalysis/8883/-1', 'enlilList': []}]",2015.07.04_03:24_TAI
1.842845e+22,86.1,-0.0071574,16281.87,57.112,1288.906,57.071,-0.01206108,58.19,91.237,0.10523397,25528930000000.0,1859381000000.0,5.786975e+23,49.968,855.921814,3.82,191.539,5745,12381,"[{'isMostAccurate': True, 'time21_5': '2015-07-15T02:17Z', 'latitude': 17.0, 'longitude': 90.0, 'halfAngle': 28.0, 'speed': 185.0, 'type': 'S', 'featureCode': 'null', 'imageType': None, 'measurementTechnique': 'null', 'note': 'Measurements are plane-of-sky, but the origin is probably close to 90W anyhow.  CME has a multi-loop structure.', 'levelOfData': 0, 'tilt': None, 'minorHalfWidth': None, 'speedMeasuredAtHeight': None, 'submissionTime': '2015-07-14T18:19Z', 'link': 'https://kauai.ccmc.gsfc.nasa.gov/DONKI/view/CMEAnalysis/8917/-1', 'enlilList': []}]",2015.07.10_18:36_TAI
1.500058e+22,126.545,0.00335021,4631.413,13.857,948.673,56.263,0.00956782,35.254,124.068,0.42969278,20094610000000.0,5345847000000.0,1.408454e+23,27.824,991.486755,3.287,76.713,5758,12384,"[{'isMostAccurate': True, 'time21_5': '2015-07-19T13:18Z', 'latitude': -28.0, 'longitude': 70.0, 'halfAngle': 26.0, 'speed': 483.0, 'type': 'S', 'featureCode': 'null', 'imageType': None, 'measurementTechnique': 'null', 'note': '', 'levelOfData': 0, 'tilt': None, 'minorHalfWidth': None, 'speedMeasuredAtHeight': None, 'submissionTime': '2015-07-19T17:51Z', 'link': 'https://kauai.ccmc.gsfc.nasa.gov/DONKI/view/CMEAnalysis/8949/-1', 'enlilList': []}]",2015.07.15_17:24_TAI
1.092221e+22,107.469,-0.00353733,5855.273,22.834,630.766,48.821,-0.00945709,39.486,107.072,0.36606318,13638470000000.0,3701816000000.0,1.353346e+23,32.453,490.960724,3.829,61.564,5831,12394,[],2015.08.08_07:12_TAI
7.441255e+20,147.952,-0.01744829,2094.032,2.639,65.957,75.12,-0.05524601,33.73,152.728,0.68487889,1256259000000.0,936851700000.0,3.16196e+21,19.865,162.657471,0.0,19.839,5856,12398,"[{'isMostAccurate': True, 'time21_5': '2015-08-15T18:28Z', 'latitude': 21.0, 'longitude': 59.0, 'halfAngle': 21.0, 'speed': 650.0, 'type': 'C', 'featureCode': 'null', 'imageType': None, 'measurementTechnique': 'null', 'note': '', 'levelOfData': 0, 'tilt': None, 'minorHalfWidth': None, 'speedMeasuredAtHeight': None, 'submissionTime': '2015-08-15T19:51Z', 'link': 'https://kauai.ccmc.gsfc.nasa.gov/DONKI/view/CMEAnalysis/9117/-1', 'enlilList': [{'modelCompletionTime': '2015-08-15T20:07Z', 'au': 2.0, 'estimatedShockArrivalTime': None, 'estimatedDuration': None, 'rmin_re': None, 'kp_18': None, 'kp_90': None, 'kp_135': None, 'kp_180': None, 'isEarthGB': False, 'link': 'https://kauai.ccmc.gsfc.nasa.gov/DONKI/view/WSA-ENLIL/9118/-1', 'impactList': None, 'cmeIDs': ['2015-08-15T13:25:00-CME-001']}]}]",2015.08.12_01:25_TAI
9.822846e+21,111.67,-0.00242802,2144.469,4.256,554.318,43.382,-0.00800006,29.139,110.732,-0.09440749,11442430000000.0,761730200000.0,4.269078e+22,24.659,379.129272,0.0,36.396,5880,12401,"[{'isMostAccurate': True, 'time21_5': '2015-08-24T21:52Z', 'latitude': -15.0, 'longitude': 97.0, 'halfAngle': 35.0, 'speed': 278.0, 'type': 'S', 'featureCode': 'null', 'imageType': None, 'measurementTechnique': 'null', 'note': '', 'levelOfData': 0, 'tilt': None, 'minorHalfWidth': None, 'speedMeasuredAtHeight': None, 'submissionTime': '2015-08-25T01:23Z', 'link': 'https://kauai.ccmc.gsfc.nasa.gov/DONKI/view/CMEAnalysis/9185/-1', 'enlilList': [{'modelCompletionTime': '2015-08-25T01:38Z', 'au': 2.0, 'estimatedShockArrivalTime': None, 'estimatedDuration': None, 'rmin_re': None, 'kp_18': None, 'kp_90': None, 'kp_135': None, 'kp_180': None, 'isEarthGB': False, 'link': 'https://kauai.ccmc.gsfc.nasa.gov/DONKI/view/WSA-ENLIL/9186/-1', 'impactList': None, 'cmeIDs': ['2015-08-24T09:12:00-CME-001']}]}, {'isMostAccurate': False, 'time21_5': '2015-08-24T19:48Z', 'latitude': -9.0, 'longitude': None, 'halfAngle': 21.0, 'speed': 384.0, 'type': 'S', 'featureCode': 'null', 'imageType': None, 'measurementTechnique': 'null', 'note': 'POS measurements only using STEREO_Cat.', 'levelOfData': 0, 'tilt': None, 'minorHalfWidth': None, 'speedMeasuredAtHeight': None, 'submissionTime': '2015-08-24T20:19Z', 'link': 'https://kauai.ccmc.gsfc.nasa.gov/DONKI/view/CMEAnalysis/9182/-1', 'enlilList': []}]",2015.08.20_21:12_TAI
4.068436e+22,100.823,-0.00178261,10644.41,43.362,3525.51,62.047,-0.00399358,51.462,108.062,0.13513666,72360820000000.0,4657435000000.0,9.048616e+23,44.101,1932.441772,4.983,114.105,5885,12403,"[{'isMostAccurate': True, 'time21_5': '2015-08-26T03:33Z', 'latitude': -34.0, 'longitude': 63.0, 'halfAngle': 38.0, 'speed': 325.0, 'type': 'S', 'featureCode': 'null', 'imageType': None, 'measurementTechnique': 'null', 'note': '', 'levelOfData': 0, 'tilt': None, 'minorHalfWidth': None, 'speedMeasuredAtHeight': None, 'submissionTime': '2015-08-26T02:32Z', 'link': 'https://kauai.ccmc.gsfc.nasa.gov/DONKI/view/CMEAnalysis/9193/-1', 'enlilList': [{'modelCompletionTime': '2015-08-26T02:26Z', 'au': 2.0, 'estimatedShockArrivalTime': None, 'estimatedDuration': None, 'rmin_re': None, 'kp_18': None, 'kp_90': None, 'kp_135': None, 'kp_180': None, 'isEarthGB': False, 'link': 'https://kauai.ccmc.gsfc.nasa.gov/DONKI/view/WSA-ENLIL/9191/-1', 'impactList': None, 'cmeIDs': ['2015-08-25T16:00:00-CME-001']}]}]",2015.08.22_04:00_TAI
4.494305e+22,98.656,0.00400705,13103.67,51.4,4128.97,64.892,0.00841533,56.195,106.473,-0.02135734,82549340000000.0,20841560000000.0,1.248229e+24,48.419,2214.225342,4.909,287.413,5885,12403,"[{'isMostAccurate': False, 'time21_5': '2015-08-27T13:56Z', 'latitude': -1.0, 'longitude': None, 'halfAngle': 44.0, 'speed': 212.0, 'type': 'S', 'featureCode': 'null', 'imageType': None, 'measurementTechnique': 'null', 'note': 'Very rough POS measurements using C2 in Stereo_Cat.  CME is very faint and it is not visible in C3.', 'levelOfData': 0, 'tilt': None, 'minorHalfWidth': None, 'speedMeasuredAtHeight': None, 'submissionTime': '2015-08-27T20:08Z', 'link': 'https://kauai.ccmc.gsfc.nasa.gov/DONKI/view/CMEAnalysis/9203/-1', 'enlilList': []}]",2015.08.23_08:26_TAI
5.752895e+22,97.388,0.00664314,16165.74,50.4,5595.294,65.223,0.01142836,54.845,108.845,-0.05296978,104018100000000.0,39058190000000.0,1.753358e+24,47.856,2556.281982,5.179,542.532,5885,12403,"[{'isMostAccurate': True, 'time21_5': '2015-08-28T18:35Z', 'latitude': -6.0, 'longitude': 74.0, 'halfAngle': 32.0, 'speed': 309.0, 'type': 'S', 'featureCode': 'null', 'imageType': None, 'measurementTechnique': 'null', 'note': 'Very approximate analysis since the source location not found. Used coordinates of the flare.', 'levelOfData': 0, 'tilt': None, 'minorHalfWidth': None, 'speedMeasuredAtHeight': None, 'submissionTime': '2015-08-28T21:41Z', 'link': 'https://kauai.ccmc.gsfc.nasa.gov/DONKI/view/CMEAnalysis/9220/-1', 'enlilList': [{'modelCompletionTime': '2015-08-28T22:24Z', 'au': 2.0, 'estimatedShockArrivalTime': None, 'estimatedDuration': None, 'rmin_re': None, 'kp_18': None, 'kp_90': None, 'kp_135': None, 'kp_180': None, 'isEarthGB': False, 'link': 'https://kauai.ccmc.gsfc.nasa.gov/DONKI/view/WSA-ENLIL/9224/-1', 'impactList': None, 'cmeIDs': ['2015-08-28T07:12:00-CME-001']}]}]",2015.08.24_19:12_TAI
6.948231e+22,82.99,-0.00168437,12164.09,32.587,4448.406,46.967,-0.00292327,43.296,91.28,-0.30102181,76208050000000.0,14466420000000.0,1.446632e+24,37.657,2171.703369,4.763,150.835,5885,12403,"[{'isMostAccurate': True, 'time21_5': '2015-08-31T18:06Z', 'latitude': -11.0, 'longitude': 92.0, 'halfAngle': 23.0, 'speed': 434.0, 'type': 'S', 'featureCode': 'null', 'imageType': None, 'measurementTechnique': 'null', 'note': 'Very rough estimates since CME was very faint in LASCO C3 images.', 'levelOfData': 0, 'tilt': None, 'minorHalfWidth': None, 'speedMeasuredAtHeight': None, 'submissionTime': '2015-08-31T19:51Z', 'link': 'https://kauai.ccmc.gsfc.nasa.gov/DONKI/view/CMEAnalysis/9234/-1', 'enlilList': [{'modelCompletionTime': '2015-08-31T20:51Z', 'au': 2.0, 'estimatedShockArrivalTime': None, 'estimatedDuration': None, 'rmin_re': None, 'kp_18': None, 'kp_90': None, 'kp_135': None, 'kp_180': None, 'isEarthGB': False, 'link': 'https://kauai.ccmc.gsfc.nasa.gov/DONKI/view/WSA-ENLIL/9237/-1', 'impactList': None, 'cmeIDs': ['2015-08-31T10:24:00-CME-001', '2015-08-31T05:36:00-CME-001']}]}]",2015.08.27_17:36_TAI
2.786249e+22,98.183,-0.01276054,16034.23,56.794,2650.69,68.225,-0.02188207,59.264,107.627,-0.2515097,52083370000000.0,20262450000000.0,8.779589e+23,51.085,1086.32666,4.681,526.104,5983,12422,"[{'isMostAccurate': True, 'time21_5': '2015-09-30T15:00Z', 'latitude': -55.0, 'longitude': -40.0, 'halfAngle': 21.0, 'speed': 275.0, 'type': 'S', 'featureCode': 'null', 'imageType': None, 'measurementTechnique': 'null', 'note': '', 'levelOfData': 0, 'tilt': None, 'minorHalfWidth': None, 'speedMeasuredAtHeight': None, 'submissionTime': '2015-09-30T12:44Z', 'link': 'https://kauai.ccmc.gsfc.nasa.gov/DONKI/view/CMEAnalysis/9429/-1', 'enlilList': []}]",2015.09.26_12:00_TAI
1.583314e+22,92.894,0.00014467,1971.573,3.487,695.837,35.025,0.00049556,27.236,93.153,-0.17422931,14703640000000.0,2307911000000.0,6.578568e+22,22.433,395.824646,3.596,3.635,5974,12420,"[{'isMostAccurate': True, 'time21_5': '2015-10-04T13:30Z', 'latitude': 19.0, 'longitude': 96.0, 'halfAngle': 16.0, 'speed': 560.0, 'type': 'C', 'featureCode': 'null', 'imageType': None, 'measurementTechnique': 'null', 'note': '', 'levelOfData': 0, 'tilt': None, 'minorHalfWidth': None, 'speedMeasuredAtHeight': None, 'submissionTime': '2015-10-04T21:15Z', 'link': 'https://kauai.ccmc.gsfc.nasa.gov/DONKI/view/CMEAnalysis/9458/-1', 'enlilList': [{'modelCompletionTime': '2015-10-04T21:10Z', 'au': 2.0, 'estimatedShockArrivalTime': None, 'estimatedDuration': None, 'rmin_re': None, 'kp_18': None, 'kp_90': None, 'kp_135': None, 'kp_180': None, 'isEarthGB': False, 'link': 'https://kauai.ccmc.gsfc.nasa.gov/DONKI/view/WSA-ENLIL/9457/-1', 'impactList': None, 'cmeIDs': ['2015-10-04T06:48:00-CME-001']}]}]",2015.09.30_18:48_TAI
4.189181e+20,128.341,0.00333338,1823.174,2.145,23.042,45.703,0.01052246,26.896,128.442,-0.64155847,468006900000.0,202419000000.0,1.467281e+21,21.603,19.828663,0.0,2.02,6050,12438,"[{'isMostAccurate': True, 'time21_5': '2015-10-27T20:07Z', 'latitude': -19.0, 'longitude': 90.0, 'halfAngle': 32.0, 'speed': 549.0, 'type': 'C', 'featureCode': 'null', 'imageType': None, 'measurementTechnique': 'null', 'note': 'Measurements were done in swpc_cat, using both c2 and c3 images.', 'levelOfData': 0, 'tilt': None, 'minorHalfWidth': None, 'speedMeasuredAtHeight': None, 'submissionTime': '2015-10-27T21:02Z', 'link': 'https://kauai.ccmc.gsfc.nasa.gov/DONKI/view/CMEAnalysis/9563/-1', 'enlilList': [{'modelCompletionTime': '2015-10-27T22:08Z', 'au': 2.0, 'estimatedShockArrivalTime': None, 'estimatedDuration': None, 'rmin_re': None, 'kp_18': None, 'kp_90': None, 'kp_135': None, 'kp_180': None, 'isEarthGB': False, 'link': 'https://kauai.ccmc.gsfc.nasa.gov/DONKI/view/WSA-ENLIL/9564/-1', 'impactList': None, 'cmeIDs': ['2015-10-27T13:25:00-CME-001']}]}]",2015.10.24_01:25_TAI
2.287627e+21,147.051,-0.00738913,5277.425,20.04,211.721,91.105,-0.01803514,47.37,145.516,0.75216782,3880686000000.0,1350415000000.0,2.423592e+22,31.168,206.367523,2.677,25.552,6052,12442,"[{'isMostAccurate': True, 'time21_5': '2015-11-01T18:42Z', 'latitude': 25.0, 'longitude': 63.0, 'halfAngle': 22.0, 'speed': 666.0, 'type': 'C', 'featureCode': 'null', 'imageType': None, 'measurementTechnique': 'null', 'note': '', 'levelOfData': 0, 'tilt': None, 'minorHalfWidth': None, 'speedMeasuredAtHeight': None, 'submissionTime': '2015-11-02T03:32Z', 'link': 'https://kauai.ccmc.gsfc.nasa.gov/DONKI/view/CMEAnalysis/9615/-1', 'enlilList': [{'modelCompletionTime': '2015-11-02T05:15Z', 'au': 2.0, 'estimatedShockArrivalTime': None, 'estimatedDuration': None, 'rmin_re': None, 'kp_18': None, 'kp_90': None, 'kp_135': None, 'kp_180': None, 'isEarthGB': False, 'link': 'https://kauai.ccmc.gsfc.nasa.gov/DONKI/view/WSA-ENLIL/9616/-1', 'impactList': None, 'cmeIDs': ['2015-11-01T12:48:00-CME-001']}]}, {'isMostAccurate': False, 'time21_5': '2015-11-01T17:53Z', 'latitude': 14.0, 'longitude': 66.0, 'halfAngle': 22.0, 'speed': 707.0, 'type': 'C', 'featureCode': 'null', 'imageType': None, 'measurementTechnique': 'null', 'note': '', 'levelOfData': 0, 'tilt': None, 'minorHalfWidth': None, 'speedMeasuredAtHeight': None, 'submissionTime': '2015-11-01T20:42Z', 'link': 'https://kauai.ccmc.gsfc.nasa.gov/DONKI/view/CMEAnalysis/9611/-1', 'enlilList': []}]",2015.10.29_00:48_TAI
8.193169e+20,143.243,-0.00696645,2196.465,11.281,76.236,76.802,-0.02492977,41.136,144.638,0.93213671,1674375000000.0,693807300000.0,4.188816e+21,25.11,149.807938,1.895,10.004,6060,12441,"[{'isMostAccurate': True, 'time21_5': '2015-11-04T09:57Z', 'latitude': 18.0, 'longitude': 53.0, 'halfAngle': 25.0, 'speed': 458.0, 'type': 'S', 'featureCode': 'null', 'imageType': None, 'measurementTechnique': 'null', 'note': 'Measured with swpc_cat using C2.  C3 images were obstructed by the arm.', 'levelOfData': 0, 'tilt': None, 'minorHalfWidth': None, 'speedMeasuredAtHeight': None, 'submissionTime': '2015-11-04T14:41Z', 'link': 'https://kauai.ccmc.gsfc.nasa.gov/DONKI/view/CMEAnalysis/9638/-1', 'enlilList': [{'modelCompletionTime': '2015-11-04T15:55Z', 'au': 2.0, 'estimatedShockArrivalTime': None, 'estimatedDuration': None, 'rmin_re': None, 'kp_18': None, 'kp_90': None, 'kp_135': None, 'kp_180': None, 'isEarthGB': False, 'link': 'https://kauai.ccmc.gsfc.nasa.gov/DONKI/view/WSA-ENLIL/9640/-1', 'impactList': [{'isGlancingBlow': True, 'isMinorImpact': False, 'location': 'Mars', 'arrivalTime': '2015-11-11T12:00Z'}], 'cmeIDs': ['2015-11-04T02:12:00-CME-001', '2015-11-04T03:48:00-CME-001']}]}]",2015.10.31_14:12_TAI
1.193054e+21,137.073,-0.01182283,2122.855,14.267,111.003,61.203,-0.05419754,36.652,137.178,0.41914439,2635513000000.0,1555193000000.0,6.303833e+21,28.213,112.506348,3.054,26.436,6060,12441,"[{'isMostAccurate': True, 'time21_5': '2015-11-06T01:58Z', 'latitude': 13.0, 'longitude': None, 'halfAngle': 7.0, 'speed': 400.0, 'type': 'S', 'featureCode': 'null', 'imageType': None, 'measurementTechnique': 'null', 'note': 'CME source close to W limb, using STEREO_cat, POS speed, narrow, slow CME', 'levelOfData': 0, 'tilt': None, 'minorHalfWidth': None, 'speedMeasuredAtHeight': None, 'submissionTime': '2015-11-06T01:00Z', 'link': 'https://kauai.ccmc.gsfc.nasa.gov/DONKI/view/CMEAnalysis/9655/-1', 'enlilList': []}]",2015.11.02_05:00_TAI
1.237813e+22,114.503,0.00057162,5220.756,19.856,938.481,55.937,0.00149032,39.083,117.639,0.01945611,19363240000000.0,2107575000000.0,1.270683e+23,31.77,718.488647,3.316,10.476,6075,12448,"[{'isMostAccurate': True, 'time21_5': '2015-11-11T20:07Z', 'latitude': 26.0, 'longitude': 36.0, 'halfAngle': 39.0, 'speed': 755.0, 'type': 'C', 'featureCode': 'null', 'imageType': None, 'measurementTechnique': 'null', 'note': 'CME fit with SPWC_cat, CME very faint, only part of halo is visible in difference images, mostly SW part is fit, lon/lat can range for 44/24, 36/26, 41/20, angle 44/39/36, speeds all similar (702/755/768)', 'levelOfData': 0, 'tilt': None, 'minorHalfWidth': None, 'speedMeasuredAtHeight': None, 'submissionTime': '2015-11-12T02:57Z', 'link': 'https://kauai.ccmc.gsfc.nasa.gov/DONKI/view/CMEAnalysis/9689/-1', 'enlilList': [{'modelCompletionTime': '2015-11-12T03:12Z', 'au': 2.0, 'estimatedShockArrivalTime': '2015-11-14T12:00Z', 'estimatedDuration': None, 'rmin_re': None, 'kp_18': None, 'kp_90': None, 'kp_135': None, 'kp_180': None, 'isEarthGB': True, 'link': 'https://kauai.ccmc.gsfc.nasa.gov/DONKI/view/WSA-ENLIL/9692/-1', 'impactList': None, 'cmeIDs': ['2015-11-11T15:24:00-CME-001']}]}]",2015.11.08_03:24_TAI
5.35062e+21,111.394,-0.00499079,6904.856,34.819,427.158,66.64,-0.01385473,51.922,111.771,0.21309118,9276637000000.0,1022754000000.0,8.598667e+22,37.754,558.712524,3.079,46.789,6136,12458,"[{'isMostAccurate': True, 'time21_5': '2015-12-03T05:10Z', 'latitude': 11.0, 'longitude': 48.0, 'halfAngle': 29.0, 'speed': 127.0, 'type': 'S', 'featureCode': 'null', 'imageType': None, 'measurementTechnique': 'null', 'note': 'Measured with swpc_cat using SOHO LASCO C2 and STA Cor2 imagery.', 'levelOfData': 0, 'tilt': None, 'minorHalfWidth': None, 'speedMeasuredAtHeight': None, 'submissionTime': '2015-12-02T15:44Z', 'link': 'https://kauai.ccmc.gsfc.nasa.gov/DONKI/view/CMEAnalysis/9790/-1', 'enlilList': []}]",2015.11.28_15:12_TAI
5.289058e+21,140.662,0.0103945,2380.036,10.08,453.154,63.303,0.0326679,33.49,143.244,0.20987386,9009408000000.0,4210842000000.0,2.593114e+22,25.963,552.126953,3.078,85.276,6172,12468,"[{'isMostAccurate': True, 'time21_5': '2015-12-21T06:00Z', 'latitude': 5.0, 'longitude': 65.0, 'halfAngle': 34.0, 'speed': 361.0, 'type': 'S', 'featureCode': 'null', 'imageType': None, 'measurementTechnique': 'null', 'note': '', 'levelOfData': 0, 'tilt': None, 'minorHalfWidth': None, 'speedMeasuredAtHeight': None, 'submissionTime': '2015-12-21T00:54Z', 'link': 'https://kauai.ccmc.gsfc.nasa.gov/DONKI/view/CMEAnalysis/9887/-1', 'enlilList': []}]",2015.12.17_08:00_TAI
3.126889e+22,92.024,0.01177709,13383.44,49.977,2120.797,56.112,0.02145647,53.281,98.47,0.30543089,42706000000000.0,22435060000000.0,7.837891e+23,46.121,1248.046875,4.606,519.346,6206,12473,"[{'isMostAccurate': True, 'time21_5': '2015-12-28T23:10Z', 'latitude': -23.0, 'longitude': 23.0, 'halfAngle': 14.0, 'speed': 983.0, 'type': 'C', 'featureCode': 'null', 'imageType': None, 'measurementTechnique': 'null', 'note': 'Propagation direction uncertain. Originates from estimated source region location. POS speed 4-500 km/s', 'levelOfData': 0, 'tilt': None, 'minorHalfWidth': None, 'speedMeasuredAtHeight': None, 'submissionTime': '2015-12-29T11:38Z', 'link': 'https://kauai.ccmc.gsfc.nasa.gov/DONKI/view/CMEAnalysis/9944/-1', 'enlilList': []}]",2015.12.25_06:48_TAI
8.424515e+21,95.619,-0.00393925,10942.13,45.841,528.54,57.89,-0.0085684,52.773,98.172,0.12430148,12453290000000.0,824557900000.0,1.89536e+23,43.397,495.973114,3.615,51.38,6246,12483,"[{'isMostAccurate': True, 'time21_5': '2016-01-16T19:45Z', 'latitude': 8.0, 'longitude': -51.0, 'halfAngle': 26.0, 'speed': 290.0, 'type': 'S', 'featureCode': 'null', 'imageType': None, 'measurementTechnique': 'null', 'note': 'These are preliminary measurements using stereo cat and C2 images.  The CME was not seen in C3.', 'levelOfData': 0, 'tilt': None, 'minorHalfWidth': None, 'speedMeasuredAtHeight': None, 'submissionTime': '2016-01-16T17:00Z', 'link': 'https://kauai.ccmc.gsfc.nasa.gov/DONKI/view/CMEAnalysis/10059/-1', 'enlilList': []}]",2016.01.12_18:24_TAI
1.210248e+22,109.756,-0.00714333,10065.02,42.281,1120.661,67.924,-0.01682565,52.945,113.563,0.54364657,22828030000000.0,5320598000000.0,2.568029e+23,42.723,979.179565,3.788,137.231,6289,12488,"[{'isMostAccurate': True, 'time21_5': '2016-01-28T13:09Z', 'latitude': 0.0, 'longitude': 53.0, 'halfAngle': 19.0, 'speed': 555.0, 'type': 'C', 'featureCode': 'null', 'imageType': None, 'measurementTechnique': 'null', 'note': '', 'levelOfData': 0, 'tilt': None, 'minorHalfWidth': None, 'speedMeasuredAtHeight': None, 'submissionTime': '2016-01-28T20:41Z', 'link': 'https://kauai.ccmc.gsfc.nasa.gov/DONKI/view/CMEAnalysis/10118/-1', 'enlilList': []}]",2016.01.24_19:24_TAI
9.177937e+21,132.634,-9.928e-05,1980.376,3.812,606.123,49.287,-0.00035618,28.475,132.854,0.34760568,13138060000000.0,2549021000000.0,3.780926e+22,23.434,606.899231,0.0,1.427,6281,12486,"[{'isMostAccurate': True, 'time21_5': '2016-01-30T01:42Z', 'latitude': -24.0, 'longitude': 85.0, 'halfAngle': 35.0, 'speed': 856.0, 'type': 'C', 'featureCode': 'null', 'imageType': None, 'measurementTechnique': 'null', 'note': 'This measurement was done using SWPC_CAT and C3 images.', 'levelOfData': 0, 'tilt': None, 'minorHalfWidth': None, 'speedMeasuredAtHeight': None, 'submissionTime': '2016-01-30T13:33Z', 'link': 'https://kauai.ccmc.gsfc.nasa.gov/DONKI/view/CMEAnalysis/10125/-1', 'enlilList': [{'modelCompletionTime': '2016-01-30T14:08Z', 'au': 2.0, 'estimatedShockArrivalTime': None, 'estimatedDuration': None, 'rmin_re': None, 'kp_18': None, 'kp_90': None, 'kp_135': None, 'kp_180': None, 'isEarthGB': False, 'link': 'https://kauai.ccmc.gsfc.nasa.gov/DONKI/view/WSA-ENLIL/10126/-1', 'impactList': [{'isGlancingBlow': True, 'isMinorImpact': False, 'location': 'Mars', 'arrivalTime': '2016-02-03T00:00Z'}], 'cmeIDs': ['2016-01-29T21:17:00-CME-001']}, {'modelCompletionTime': '2016-01-30T14:55Z', 'au': 5.5, 'estimatedShockArrivalTime': None, 'estimatedDuration': None, 'rmin_re': None, 'kp_18': None, 'kp_90': None, 'kp_135': None, 'kp_180': None, 'isEarthGB': False, 'link': 'https://kauai.ccmc.gsfc.nasa.gov/DONKI/view/WSA-ENLIL/10127/-1', 'impactList': None, 'cmeIDs': ['2016-01-29T21:17:00-CME-001']}]}]",2016.01.26_09:17_TAI
1.693951e+22,97.877,-0.00807799,14245.96,47.155,1168.313,60.921,-0.0145921,53.352,101.816,0.38294581,23892690000000.0,5185794000000.0,4.608353e+23,45.794,828.94165,3.73,196.764,6301,12489,"[{'isMostAccurate': True, 'time21_5': '2016-02-01T16:14Z', 'latitude': 25.0, 'longitude': 60.0, 'halfAngle': 25.0, 'speed': 475.0, 'type': 'S', 'featureCode': 'null', 'imageType': None, 'measurementTechnique': 'null', 'note': 'CME was very faint, difficult to define.', 'levelOfData': 0, 'tilt': None, 'minorHalfWidth': None, 'speedMeasuredAtHeight': None, 'submissionTime': '2016-02-01T16:56Z', 'link': 'https://kauai.ccmc.gsfc.nasa.gov/DONKI/view/CMEAnalysis/10135/-1', 'enlilList': []}]",2016.01.28_18:48_TAI
1.015719e+22,93.134,0.00979831,13048.86,60.464,1358.728,73.587,0.02067967,63.205,100.589,0.48641229,25099210000000.0,4414129000000.0,3.077886e+23,52.806,415.861969,4.397,174.028,6320,12494,"[{'isMostAccurate': True, 'time21_5': '2016-02-08T06:39Z', 'latitude': -23.0, 'longitude': 38.0, 'halfAngle': 12.0, 'speed': 428.0, 'type': 'S', 'featureCode': 'null', 'imageType': None, 'measurementTechnique': 'null', 'note': '', 'levelOfData': 0, 'tilt': None, 'minorHalfWidth': None, 'speedMeasuredAtHeight': None, 'submissionTime': '2016-02-08T20:07Z', 'link': 'https://kauai.ccmc.gsfc.nasa.gov/DONKI/view/CMEAnalysis/10170/-1', 'enlilList': []}]",2016.02.04_17:36_TAI
3.725306e+22,118.634,-0.0061634,6999.866,13.868,3860.669,62.158,-0.01436563,34.916,126.79,0.03560806,61354470000000.0,18840960000000.0,4.827572e+23,28.349,1394.325684,4.9,320.065,6327,12497,"[{'isMostAccurate': True, 'time21_5': '2016-02-18T04:40Z', 'latitude': 9.0, 'longitude': 85.0, 'halfAngle': 31.0, 'speed': 333.0, 'type': 'S', 'featureCode': 'null', 'imageType': None, 'measurementTechnique': 'null', 'note': 'Preliminary measurement done using SWPC CAT.  CME only propagates halfway out into C3.', 'levelOfData': 0, 'tilt': None, 'minorHalfWidth': None, 'speedMeasuredAtHeight': None, 'submissionTime': '2016-02-17T22:34Z', 'link': 'https://kauai.ccmc.gsfc.nasa.gov/DONKI/view/CMEAnalysis/10230/-1', 'enlilList': []}]",2016.02.14_05:48_TAI
3.914157e+22,75.098,-0.00766774,21597.18,57.133,2581.48,48.548,-0.01196034,58.102,81.186,0.2364364,51424690000000.0,8652581000000.0,1.69373e+24,51.739,1801.660034,4.513,452.773,6483,12529,"[{'isMostAccurate': True, 'time21_5': '2016-04-17T09:39Z', 'latitude': 4.0, 'longitude': 43.0, 'halfAngle': 36.0, 'speed': 254.0, 'type': 'S', 'featureCode': 'null', 'imageType': None, 'measurementTechnique': 'null', 'note': '', 'levelOfData': 0, 'tilt': None, 'minorHalfWidth': None, 'speedMeasuredAtHeight': None, 'submissionTime': '2016-04-17T13:30Z', 'link': 'https://kauai.ccmc.gsfc.nasa.gov/DONKI/view/CMEAnalysis/10504/-1', 'enlilList': []}, {'isMostAccurate': False, 'time21_5': '2016-04-17T06:42Z', 'latitude': 4.0, 'longitude': 63.0, 'halfAngle': 27.0, 'speed': 335.0, 'type': 'S', 'featureCode': 'null', 'imageType': None, 'measurementTechnique': 'null', 'note': '', 'levelOfData': 1, 'tilt': None, 'minorHalfWidth': None, 'speedMeasuredAtHeight': None, 'submissionTime': '2016-04-17T03:18Z', 'link': 'https://kauai.ccmc.gsfc.nasa.gov/DONKI/view/CMEAnalysis/10503/-1', 'enlilList': []}]",2016.04.13_09:54_TAI
1.841553e+21,136.033,-0.01357594,5135.21,30.977,202.923,79.178,-0.03655722,49.554,133.312,1.17621541,4053572000000.0,2026164000000.0,2.199382e+22,35.412,158.688019,2.597,43.782,6507,12535,"[{'isMostAccurate': True, 'time21_5': '2016-05-04T22:52Z', 'latitude': 4.0, 'longitude': 59.0, 'halfAngle': 27.0, 'speed': 412.0, 'type': 'S', 'featureCode': 'null', 'imageType': None, 'measurementTechnique': 'null', 'note': 'CME measurement done using SWPC_cat using both SOHO and Stereo A imagery.', 'levelOfData': 1, 'tilt': None, 'minorHalfWidth': None, 'speedMeasuredAtHeight': None, 'submissionTime': '2016-05-04T20:55Z', 'link': 'https://kauai.ccmc.gsfc.nasa.gov/DONKI/view/CMEAnalysis/10597/-1', 'enlilList': [{'modelCompletionTime': '2016-05-04T21:09Z', 'au': 2.0, 'estimatedShockArrivalTime': None, 'estimatedDuration': None, 'rmin_re': None, 'kp_18': None, 'kp_90': None, 'kp_135': None, 'kp_180': None, 'isEarthGB': False, 'link': 'https://kauai.ccmc.gsfc.nasa.gov/DONKI/view/WSA-ENLIL/10598/-1', 'impactList': None, 'cmeIDs': ['2016-05-04T13:41:00-CME-001']}]}, {'isMostAccurate': False, 'time21_5': '2016-05-04T22:18Z', 'latitude': 6.0, 'longitude': 61.0, 'halfAngle': 30.0, 'speed': 430.0, 'type': 'S', 'featureCode': 'null', 'imageType': None, 'measurementTechnique': 'null', 'note': 'Analyzed on SWPC CAT', 'levelOfData': 0, 'tilt': None, 'minorHalfWidth': None, 'speedMeasuredAtHeight': None, 'submissionTime': '2016-05-05T13:51Z', 'link': 'https://kauai.ccmc.gsfc.nasa.gov/DONKI/view/CMEAnalysis/10594/-1', 'enlilList': []}]",2016.05.01_01:41_TAI
1.627803e+22,114.472,-0.01287424,6947.141,32.065,1397.807,65.191,-0.03456842,47.025,117.172,0.19280423,30338590000000.0,14972200000000.0,2.47389e+23,37.708,1094.850586,4.127,345.197,6537,12542,"[{'isMostAccurate': True, 'time21_5': '2016-05-15T18:54Z', 'latitude': 17.0, 'longitude': 68.0, 'halfAngle': 36.0, 'speed': 1198.0, 'type': 'O', 'featureCode': 'null', 'imageType': None, 'measurementTechnique': 'null', 'note': '', 'levelOfData': 1, 'tilt': None, 'minorHalfWidth': None, 'speedMeasuredAtHeight': None, 'submissionTime': '2016-05-15T19:06Z', 'link': 'https://kauai.ccmc.gsfc.nasa.gov/DONKI/view/CMEAnalysis/10661/-1', 'enlilList': [{'modelCompletionTime': '2016-05-15T18:59Z', 'au': 2.0, 'estimatedShockArrivalTime': None, 'estimatedDuration': None, 'rmin_re': None, 'kp_18': None, 'kp_90': None, 'kp_135': None, 'kp_180': None, 'isEarthGB': False, 'link': 'https://kauai.ccmc.gsfc.nasa.gov/DONKI/view/WSA-ENLIL/10660/-1', 'impactList': None, 'cmeIDs': ['2016-05-15T15:36:00-CME-001']}, {'modelCompletionTime': '2016-05-15T19:46Z', 'au': 5.5, 'estimatedShockArrivalTime': None, 'estimatedDuration': None, 'rmin_re': None, 'kp_18': None, 'kp_90': None, 'kp_135': None, 'kp_180': None, 'isEarthGB': False, 'link': 'https://kauai.ccmc.gsfc.nasa.gov/DONKI/view/WSA-ENLIL/10662/-1', 'impactList': [{'isGlancingBlow': True, 'isMinorImpact': False, 'location': 'Dawn', 'arrivalTime': '2016-05-26T00:00Z'}], 'cmeIDs': ['2016-05-15T15:36:00-CME-001']}]}, {'isMostAccurate': False, 'time21_5': '2016-05-15T18:54Z', 'latitude': 17.0, 'longitude': 68.0, 'halfAngle': 36.0, 'speed': 1190.0, 'type': 'O', 'featureCode': 'null', 'imageType': None, 'measurementTechnique': 'null', 'note': 'These measurements were taken using LASCO C2 and STA coronagraph imagery in swpc_cat.', 'levelOfData': 0, 'tilt': None, 'minorHalfWidth': None, 'speedMeasuredAtHeight': None, 'submissionTime': '2016-05-15T18:40Z', 'link': 'https://kauai.ccmc.gsfc.nasa.gov/DONKI/view/CMEAnalysis/10658/-1', 'enlilList': []}]",2016.05.12_03:36_TAI
3.204132e+22,79.563,0.00957818,18912.16,53.815,2235.258,46.744,0.01481863,55.424,83.758,0.21656038,45325410000000.0,24615430000000.0,1.228534e+24,49.823,1304.399048,4.45,468.497,6558,12546,"[{'isMostAccurate': True, 'time21_5': '2016-05-26T23:43Z', 'latitude': -19.0, 'longitude': 87.0, 'halfAngle': 25.0, 'speed': 434.0, 'type': 'S', 'featureCode': 'null', 'imageType': None, 'measurementTechnique': 'null', 'note': '', 'levelOfData': 0, 'tilt': None, 'minorHalfWidth': None, 'speedMeasuredAtHeight': None, 'submissionTime': '2016-05-26T20:07Z', 'link': 'https://kauai.ccmc.gsfc.nasa.gov/DONKI/view/CMEAnalysis/10691/-1', 'enlilList': []}]",2016.05.23_04:12_TAI
1.080074e+22,61.825,0.01307445,24752.25,71.38,513.111,45.972,0.01771098,64.241,67.57,0.44576129,11819900000000.0,7353418000000.0,4.981439e+23,57.098,439.541138,3.374,198.104,6613,12553,"[{'isMostAccurate': True, 'time21_5': '2016-06-21T14:24Z', 'latitude': 24.0, 'longitude': 36.0, 'halfAngle': 34.0, 'speed': 365.0, 'type': 'S', 'featureCode': 'null', 'imageType': None, 'measurementTechnique': 'null', 'note': 'This was a very difficult CME to fit, it may be two separate CMEs superposed.', 'levelOfData': 1, 'tilt': None, 'minorHalfWidth': None, 'speedMeasuredAtHeight': None, 'submissionTime': '2016-06-21T16:12Z', 'link': 'https://kauai.ccmc.gsfc.nasa.gov/DONKI/view/CMEAnalysis/10814/-1', 'enlilList': []}, {'isMostAccurate': False, 'time21_5': '2016-06-21T16:44Z', 'latitude': 22.0, 'longitude': 36.0, 'halfAngle': 35.0, 'speed': 276.0, 'type': 'S', 'featureCode': 'null', 'imageType': None, 'measurementTechnique': 'null', 'note': '', 'levelOfData': 1, 'tilt': None, 'minorHalfWidth': None, 'speedMeasuredAtHeight': None, 'submissionTime': '2016-06-21T11:14Z', 'link': 'https://kauai.ccmc.gsfc.nasa.gov/DONKI/view/CMEAnalysis/10812/-1', 'enlilList': []}]",2016.06.17_17:12_TAI
1.367323e+21,129.504,-0.00070128,1978.076,7.696,93.316,53.914,-0.00274036,32.693,129.835,0.95102453,2097052000000.0,1175599000000.0,5.973736e+21,25.259,105.767998,0.0,1.595,6657,12560,"[{'isMostAccurate': True, 'time21_5': '2016-07-15T20:11Z', 'latitude': -26.0, 'longitude': 76.0, 'halfAngle': 25.0, 'speed': 539.0, 'type': 'C', 'featureCode': 'null', 'imageType': None, 'measurementTechnique': 'null', 'note': '', 'levelOfData': 0, 'tilt': None, 'minorHalfWidth': None, 'speedMeasuredAtHeight': None, 'submissionTime': '2016-07-15T19:38Z', 'link': 'https://kauai.ccmc.gsfc.nasa.gov/DONKI/view/CMEAnalysis/10994/-1', 'enlilList': []}]",2016.07.12_01:36_TAI
2.713058e+22,78.016,-0.00239547,15524.66,63.586,2116.495,54.901,-0.00494236,63.113,83.58,-0.00447995,45265580000000.0,2875712000000.0,9.700093e+23,54.372,1360.916016,4.519,112.695,6670,12567,"[{'isMostAccurate': True, 'time21_5': '2016-07-21T10:35Z', 'latitude': -15.0, 'longitude': 51.0, 'halfAngle': 27.0, 'speed': 462.0, 'type': 'S', 'featureCode': 'null', 'imageType': None, 'measurementTechnique': 'null', 'note': '', 'levelOfData': 1, 'tilt': None, 'minorHalfWidth': None, 'speedMeasuredAtHeight': None, 'submissionTime': '2016-07-22T14:20Z', 'link': 'https://kauai.ccmc.gsfc.nasa.gov/DONKI/view/CMEAnalysis/11032/-1', 'enlilList': [{'modelCompletionTime': '2016-07-21T18:56Z', 'au': 2.0, 'estimatedShockArrivalTime': None, 'estimatedDuration': None, 'rmin_re': None, 'kp_18': None, 'kp_90': None, 'kp_135': None, 'kp_180': None, 'isEarthGB': False, 'link': 'https://kauai.ccmc.gsfc.nasa.gov/DONKI/view/WSA-ENLIL/11030/-1', 'impactList': None, 'cmeIDs': ['2016-07-21T01:25:00-CME-001', '2016-07-20T23:12:00-CME-001', '2016-07-21T00:36:00-CME-001']}]}]",2016.07.17_11:12_TAI
2.703594e+22,82.107,-0.00328449,17048.63,62.346,2187.287,58.305,-0.00635976,62.18,87.251,-0.02517004,45928660000000.0,604561100000.0,1.000815e+24,53.463,1369.207764,4.554,145.181,6670,12567,"[{'isMostAccurate': True, 'time21_5': '2016-07-21T11:41Z', 'latitude': -12.0, 'longitude': 51.0, 'halfAngle': 28.0, 'speed': 450.0, 'type': 'S', 'featureCode': 'null', 'imageType': None, 'measurementTechnique': 'null', 'note': '', 'levelOfData': 1, 'tilt': None, 'minorHalfWidth': None, 'speedMeasuredAtHeight': None, 'submissionTime': '2016-07-22T14:20Z', 'link': 'https://kauai.ccmc.gsfc.nasa.gov/DONKI/view/CMEAnalysis/11034/-1', 'enlilList': [{'modelCompletionTime': '2016-07-21T18:56Z', 'au': 2.0, 'estimatedShockArrivalTime': None, 'estimatedDuration': None, 'rmin_re': None, 'kp_18': None, 'kp_90': None, 'kp_135': None, 'kp_180': None, 'isEarthGB': False, 'link': 'https://kauai.ccmc.gsfc.nasa.gov/DONKI/view/WSA-ENLIL/11030/-1', 'impactList': None, 'cmeIDs': ['2016-07-21T01:25:00-CME-001', '2016-07-20T23:12:00-CME-001', '2016-07-21T00:36:00-CME-001']}]}]",2016.07.17_12:36_TAI
3.196973e+22,83.761,-0.00802518,15445.64,59.147,2434.638,57.841,-0.01544568,59.596,85.971,0.14042394,48688140000000.0,14378560000000.0,1.044025e+24,51.841,1437.426636,4.45,408.442,6670,12565,"[{'isMostAccurate': True, 'time21_5': '2016-07-23T13:09Z', 'latitude': 36.0, 'longitude': 64.0, 'halfAngle': 26.0, 'speed': 212.0, 'type': 'S', 'featureCode': 'null', 'imageType': None, 'measurementTechnique': 'null', 'note': '', 'levelOfData': 0, 'tilt': None, 'minorHalfWidth': None, 'speedMeasuredAtHeight': None, 'submissionTime': '2016-07-23T16:18Z', 'link': 'https://kauai.ccmc.gsfc.nasa.gov/DONKI/view/CMEAnalysis/11061/-1', 'enlilList': []}]",2016.07.19_10:18_TAI
4.571164e+22,77.918,-0.00352443,10493.71,42.422,3026.995,43.872,-0.00781532,49.79,83.993,0.00412757,59343160000000.0,8053557000000.0,1.006926e+24,43.823,1540.303101,4.752,254.637,6670,12567,"[{'isMostAccurate': True, 'time21_5': '2016-07-25T08:39Z', 'latitude': -2.0, 'longitude': 91.0, 'halfAngle': 16.0, 'speed': 500.0, 'type': 'C', 'featureCode': 'null', 'imageType': None, 'measurementTechnique': 'null', 'note': '', 'levelOfData': 0, 'tilt': None, 'minorHalfWidth': None, 'speedMeasuredAtHeight': None, 'submissionTime': '2016-07-25T18:24Z', 'link': 'https://kauai.ccmc.gsfc.nasa.gov/DONKI/view/CMEAnalysis/11073/-1', 'enlilList': []}]",2016.07.21_13:25_TAI
6.510387e+21,109.632,0.00350556,3011.47,12.198,363.357,43.474,0.01094841,33.399,111.158,0.15395448,7818183000000.0,1314946000000.0,4.134545e+22,27.446,252.746536,1.78,36.241,6737,12589,"[{'isMostAccurate': True, 'time21_5': '2016-09-17T01:05Z', 'latitude': 9.0, 'longitude': 90.0, 'halfAngle': 14.0, 'speed': 324.0, 'type': 'S', 'featureCode': 'null', 'imageType': None, 'measurementTechnique': 'null', 'note': '', 'levelOfData': 0, 'tilt': None, 'minorHalfWidth': None, 'speedMeasuredAtHeight': None, 'submissionTime': '2016-09-16T21:45Z', 'link': 'https://kauai.ccmc.gsfc.nasa.gov/DONKI/view/CMEAnalysis/11260/-1', 'enlilList': []}]",2016.09.13_01:36_TAI
8.055457e+21,130.732,0.00381111,5974.968,29.745,688.952,74.216,0.00895022,46.964,130.44,0.0656933,14003480000000.0,2288154000000.0,9.825143e+22,36.162,474.765564,3.723,47.189,6769,12597,"[{'isMostAccurate': True, 'time21_5': '2016-09-28T19:40Z', 'latitude': -64.0, 'longitude': 70.0, 'halfAngle': 38.0, 'speed': 270.0, 'type': 'S', 'featureCode': 'null', 'imageType': None, 'measurementTechnique': 'null', 'note': 'Measured using only C2 with a larger half angle than the previous measurement.', 'levelOfData': 0, 'tilt': None, 'minorHalfWidth': None, 'speedMeasuredAtHeight': None, 'submissionTime': '2016-09-28T21:53Z', 'link': 'https://kauai.ccmc.gsfc.nasa.gov/DONKI/view/CMEAnalysis/11320/-1', 'enlilList': []}, {'isMostAccurate': False, 'time21_5': '2016-09-28T19:25Z', 'latitude': -52.0, 'longitude': 71.0, 'halfAngle': 13.0, 'speed': 348.0, 'type': 'S', 'featureCode': 'null', 'imageType': None, 'measurementTechnique': 'null', 'note': '', 'levelOfData': 0, 'tilt': None, 'minorHalfWidth': None, 'speedMeasuredAtHeight': None, 'submissionTime': '2016-09-28T18:08Z', 'link': 'https://kauai.ccmc.gsfc.nasa.gov/DONKI/view/CMEAnalysis/11316/-1', 'enlilList': []}]",2016.09.24_18:12_TAI
2.234969e+22,101.915,-0.00051491,8545.873,36.104,1525.729,52.64,-0.00132345,46.013,104.849,0.27737868,33171910000000.0,5182900000000.0,4.037172e+23,39.497,1166.939941,4.24,18.315,6794,12599,"[{'isMostAccurate': True, 'time21_5': '2016-10-12T12:34Z', 'latitude': -17.0, 'longitude': 41.0, 'halfAngle': 15.0, 'speed': 181.0, 'type': 'S', 'featureCode': 'null', 'imageType': None, 'measurementTechnique': 'null', 'note': '', 'levelOfData': 0, 'tilt': None, 'minorHalfWidth': None, 'speedMeasuredAtHeight': None, 'submissionTime': '2016-10-12T15:44Z', 'link': 'https://kauai.ccmc.gsfc.nasa.gov/DONKI/view/CMEAnalysis/11379/-1', 'enlilList': []}]",2016.10.08_06:48_TAI
6.43719e+21,119.916,-0.00531577,5543.307,30.302,499.334,69.188,-0.0128413,47.729,119.983,0.11569245,10494090000000.0,3251500000000.0,7.528869e+22,36.785,343.418152,2.962,54.364,6803,12602,"[{'isMostAccurate': True, 'time21_5': '2016-10-23T04:01Z', 'latitude': 8.0, 'longitude': 80.0, 'halfAngle': 12.0, 'speed': 317.0, 'type': 'S', 'featureCode': 'null', 'imageType': None, 'measurementTechnique': 'null', 'note': 'Measurement done using C2 and C3 imagery. It could not be seen in STA.  The CME starts out very fast in C2 and seems to slow down as it propagates out into C3.', 'levelOfData': 0, 'tilt': None, 'minorHalfWidth': None, 'speedMeasuredAtHeight': None, 'submissionTime': '2016-10-23T00:07Z', 'link': 'https://kauai.ccmc.gsfc.nasa.gov/DONKI/view/CMEAnalysis/11423/-1', 'enlilList': []}]",2016.10.19_05:24_TAI
1.182369e+22,92.488,-0.00555184,3803.424,13.013,623.751,41.266,-0.01474485,33.542,95.096,-0.13385199,11983430000000.0,2412901000000.0,8.927341e+22,26.853,275.802765,3.794,98.123,6815,12603,"[{'isMostAccurate': True, 'time21_5': '2016-10-30T06:53Z', 'latitude': 28.0, 'longitude': 92.0, 'halfAngle': 22.0, 'speed': 493.0, 'type': 'S', 'featureCode': 'null', 'imageType': None, 'measurementTechnique': 'null', 'note': '', 'levelOfData': 0, 'tilt': None, 'minorHalfWidth': None, 'speedMeasuredAtHeight': None, 'submissionTime': '2016-10-30T12:43Z', 'link': 'https://kauai.ccmc.gsfc.nasa.gov/DONKI/view/CMEAnalysis/11470/-1', 'enlilList': []}]",2016.10.26_11:24_TAI
1.270441e+22,89.801,0.00169203,10488.37,45.797,741.563,50.965,0.00368528,50.426,91.379,0.43539545,16940810000000.0,4548078000000.0,2.772014e+23,43.141,468.171967,4.059,33.673,6972,12644,"[{'isMostAccurate': True, 'time21_5': '2017-04-04T18:29Z', 'latitude': 22.0, 'longitude': 90.0, 'halfAngle': 10.0, 'speed': 386.0, 'type': 'S', 'featureCode': 'null', 'imageType': None, 'measurementTechnique': 'null', 'note': 'Only measured using STA Cor2 because the chronograph stick blocks the CME in C3.', 'levelOfData': 0, 'tilt': None, 'minorHalfWidth': None, 'speedMeasuredAtHeight': None, 'submissionTime': '2017-04-04T23:16Z', 'link': 'https://kauai.ccmc.gsfc.nasa.gov/DONKI/view/CMEAnalysis/12388/-1', 'enlilList': []}]",2017.03.31_19:00_TAI
1.257762e+22,83.865,0.00170892,9991.866,46.093,692.431,47.352,0.00375261,50.587,86.748,0.41148806,15900390000000.0,4332437000000.0,2.661227e+23,43.716,432.79248,3.622,34.272,6972,12644,"[{'isMostAccurate': True, 'time21_5': '2017-04-04T16:59Z', 'latitude': 15.0, 'longitude': 95.0, 'halfAngle': 34.0, 'speed': 449.0, 'type': 'S', 'featureCode': 'null', 'imageType': None, 'measurementTechnique': 'null', 'note': 'CME was faint in the Cor2 difference images and could not be seen clearly so it was measured with only C3.', 'levelOfData': 0, 'tilt': None, 'minorHalfWidth': None, 'speedMeasuredAtHeight': None, 'submissionTime': '2017-04-04T23:31Z', 'link': 'https://kauai.ccmc.gsfc.nasa.gov/DONKI/view/CMEAnalysis/12390/-1', 'enlilList': []}]",2017.03.31_21:24_TAI
1.362505e+22,84.128,0.00189526,9096.161,40.975,764.077,46.415,0.00434234,47.749,87.618,0.30031055,17161300000000.0,3399137000000.0,2.603504e+23,41.018,433.728668,3.52,40.845,6972,12644,"[{'isMostAccurate': True, 'time21_5': '2017-04-05T09:57Z', 'latitude': 26.0, 'longitude': 99.0, 'halfAngle': 13.0, 'speed': 125.0, 'type': 'S', 'featureCode': 'null', 'imageType': None, 'measurementTechnique': 'null', 'note': 'Used only C3 because CME was not clearly defined in Cor2.', 'levelOfData': 0, 'tilt': None, 'minorHalfWidth': None, 'speedMeasuredAtHeight': None, 'submissionTime': '2017-04-05T12:56Z', 'link': 'https://kauai.ccmc.gsfc.nasa.gov/DONKI/view/CMEAnalysis/12393/-1', 'enlilList': []}]",2017.04.01_00:00_TAI
1.470186e+22,91.057,0.00156664,8296.893,38.353,855.871,48.438,0.00354737,46.986,93.798,-0.00988911,19143670000000.0,380452500000.0,2.499468e+23,39.85,496.966187,4.055,35.536,6972,12644,"[{'isMostAccurate': True, 'time21_5': '2017-04-05T07:21Z', 'latitude': 22.0, 'longitude': 95.0, 'halfAngle': 27.0, 'speed': 258.0, 'type': 'S', 'featureCode': 'null', 'imageType': None, 'measurementTechnique': 'null', 'note': ""Measured using C2 and STA Cor2 because the CME wasn't clearly defined in C3."", 'levelOfData': 0, 'tilt': None, 'minorHalfWidth': None, 'speedMeasuredAtHeight': None, 'submissionTime': '2017-04-05T13:10Z', 'link': 'https://kauai.ccmc.gsfc.nasa.gov/DONKI/view/CMEAnalysis/12395/-1', 'enlilList': []}]",2017.04.01_05:24_TAI
1.580102e+22,94.423,0.00206949,8047.635,38.624,1048.068,50.48,0.00480828,48.042,100.377,-0.11065681,23008680000000.0,2457143000000.0,2.648391e+23,40.406,542.140991,4.297,51.278,6972,12644,"[{'isMostAccurate': True, 'time21_5': '2017-04-06T10:41Z', 'latitude': 28.0, 'longitude': 100.0, 'halfAngle': 13.0, 'speed': 90.0, 'type': 'S', 'featureCode': 'null', 'imageType': None, 'measurementTechnique': 'null', 'note': 'Measured using C2 because could not see well in C3 or Cor2.  Measurement may be too slow.', 'levelOfData': 0, 'tilt': None, 'minorHalfWidth': None, 'speedMeasuredAtHeight': None, 'submissionTime': '2017-04-05T13:26Z', 'link': 'https://kauai.ccmc.gsfc.nasa.gov/DONKI/view/CMEAnalysis/12397/-1', 'enlilList': []}]",2017.04.01_09:36_TAI
7.10636e+21,94.137,-0.00211961,4546.497,17.606,338.293,37.395,-0.00661679,34.651,93.456,-0.32693851,8087940000000.0,2095561000000.0,7.116329e+22,30.058,200.250244,3.409,24.982,7058,12664,"[{'isMostAccurate': True, 'time21_5': '2017-07-04T22:31Z', 'latitude': 0.0, 'longitude': 95.0, 'halfAngle': 16.0, 'speed': 191.0, 'type': 'S', 'featureCode': 'null', 'imageType': None, 'measurementTechnique': 'null', 'note': 'StereoCAT analysis with longitude rather arbitrarily assumed to be 95.', 'levelOfData': 0, 'tilt': None, 'minorHalfWidth': None, 'speedMeasuredAtHeight': None, 'submissionTime': '2017-07-04T16:46Z', 'link': 'https://kauai.ccmc.gsfc.nasa.gov/DONKI/view/CMEAnalysis/12725/-1', 'enlilList': []}]",2017.06.30_04:48_TAI
2.938541e+22,83.746,-0.0042819,12184.14,44.905,2157.468,53.646,-0.00865033,51.211,93.991,-0.02610218,44174840000000.0,7802414000000.0,7.161425e+23,44.871,1022.303284,4.67,189.5,7075,12665,"[{'isMostAccurate': True, 'time21_5': '2017-07-12T02:38Z', 'latitude': -1.0, 'longitude': -41.0, 'halfAngle': 15.0, 'speed': 588.0, 'type': 'C', 'featureCode': 'null', 'imageType': None, 'measurementTechnique': 'null', 'note': '', 'levelOfData': 0, 'tilt': None, 'minorHalfWidth': None, 'speedMeasuredAtHeight': None, 'submissionTime': '2017-07-12T19:05Z', 'link': 'https://kauai.ccmc.gsfc.nasa.gov/DONKI/view/CMEAnalysis/12748/-1', 'enlilList': [{'modelCompletionTime': '2017-07-12T19:18Z', 'au': 2.0, 'estimatedShockArrivalTime': None, 'estimatedDuration': None, 'rmin_re': None, 'kp_18': None, 'kp_90': None, 'kp_135': None, 'kp_180': None, 'isEarthGB': False, 'link': 'https://kauai.ccmc.gsfc.nasa.gov/DONKI/view/WSA-ENLIL/12751/-1', 'impactList': None, 'cmeIDs': ['2017-07-11T21:17:00-CME-001', '2017-07-11T07:24:00-CME-001', '2017-07-12T05:00:00-CME-001']}]}]",2017.07.08_09:17_TAI
3.391982e+22,98.866,-0.0115163,14892.52,44.663,2542.152,57.841,-0.01953265,51.27,104.755,-0.0920215,50477870000000.0,19162870000000.0,9.666861e+23,44.756,1434.838623,4.622,562.871,7075,12665,"[{'isMostAccurate': True, 'time21_5': '2017-07-18T04:06Z', 'latitude': 4.0, 'longitude': 80.0, 'halfAngle': 32.0, 'speed': 356.0, 'type': 'S', 'featureCode': 'null', 'imageType': None, 'measurementTechnique': 'null', 'note': 'These are preliminary measurements taken using C3 imagery in swpc_cat.', 'levelOfData': 0, 'tilt': None, 'minorHalfWidth': None, 'speedMeasuredAtHeight': None, 'submissionTime': '2017-07-17T23:17Z', 'link': 'https://kauai.ccmc.gsfc.nasa.gov/DONKI/view/CMEAnalysis/12795/-1', 'enlilList': []}]",2017.07.14_05:00_TAI
3.880626e+21,125.346,-0.00067052,3766.947,24.124,343.863,67.384,-0.00161484,43.031,126.506,0.28574398,6891744000000.0,2823274000000.0,2.969587e+22,34.014,136.480927,3.404,3.98,7123,12676,"[{'isMostAccurate': True, 'time21_5': '2017-09-06T11:43Z', 'latitude': -8.0, 'longitude': 83.0, 'halfAngle': 24.0, 'speed': 260.0, 'type': 'S', 'featureCode': 'null', 'imageType': None, 'measurementTechnique': 'null', 'note': '', 'levelOfData': 0, 'tilt': None, 'minorHalfWidth': None, 'speedMeasuredAtHeight': None, 'submissionTime': '2017-09-06T22:56Z', 'link': 'https://kauai.ccmc.gsfc.nasa.gov/DONKI/view/CMEAnalysis/13027/-1', 'enlilList': [{'modelCompletionTime': '2017-09-06T23:47Z', 'au': 2.0, 'estimatedShockArrivalTime': '2017-09-08T18:35Z', 'estimatedDuration': 32.0, 'rmin_re': 5.5, 'kp_18': None, 'kp_90': 4, 'kp_135': 5, 'kp_180': 6, 'isEarthGB': False, 'link': 'https://kauai.ccmc.gsfc.nasa.gov/DONKI/view/WSA-ENLIL/13031/-1', 'impactList': [{'isGlancingBlow': False, 'isMinorImpact': False, 'location': 'STEREO B', 'arrivalTime': '2017-09-08T22:41Z'}], 'cmeIDs': ['2017-09-06T10:00:00-CME-001', '2017-09-06T12:24:00-CME-001', '2017-09-06T13:09:00-CME-001']}]}]",2017.09.02_22:00_TAI
4.307398e+22,104.161,-0.06325981,21545.53,49.489,6589.21,73.702,-0.09502941,52.985,120.247,-0.24723023,85263190000000.0,95375140000000.0,1.607788e+24,46.473,1618.12561,5.156,3554.442,7115,12673,"[{'isMostAccurate': True, 'time21_5': '2017-09-10T00:54Z', 'latitude': -9.0, 'longitude': 82.0, 'halfAngle': 35.0, 'speed': 465.0, 'type': 'S', 'featureCode': 'null', 'imageType': None, 'measurementTechnique': 'null', 'note': 'Measured using C3.', 'levelOfData': 0, 'tilt': None, 'minorHalfWidth': None, 'speedMeasuredAtHeight': None, 'submissionTime': '2017-09-10T16:00Z', 'link': 'https://kauai.ccmc.gsfc.nasa.gov/DONKI/view/CMEAnalysis/13097/-1', 'enlilList': [{'modelCompletionTime': '2017-09-10T16:02Z', 'au': 2.0, 'estimatedShockArrivalTime': None, 'estimatedDuration': None, 'rmin_re': None, 'kp_18': None, 'kp_90': None, 'kp_135': None, 'kp_180': None, 'isEarthGB': False, 'link': 'https://kauai.ccmc.gsfc.nasa.gov/DONKI/view/WSA-ENLIL/13100/-1', 'impactList': None, 'cmeIDs': ['2017-09-09T16:48:00-CME-001', '2017-09-09T23:12:00-CME-001']}, {'modelCompletionTime': '2017-09-11T09:42Z', 'au': 2.0, 'estimatedShockArrivalTime': '2017-09-13T02:00Z', 'estimatedDuration': None, 'rmin_re': None, 'kp_18': None, 'kp_90': None, 'kp_135': None, 'kp_180': None, 'isEarthGB': True, 'link': 'https://kauai.ccmc.gsfc.nasa.gov/DONKI/view/WSA-ENLIL/13114/-1', 'impactList': [{'isGlancingBlow': False, 'isMinorImpact': False, 'location': 'STEREO B', 'arrivalTime': '2017-09-11T20:09Z'}, {'isGlancingBlow': True, 'isMinorImpact': False, 'location': 'Mars', 'arrivalTime': '2017-09-13T22:00Z'}], 'cmeIDs': ['2017-09-09T16:48:00-CME-001', '2017-09-09T23:12:00-CME-001', '2017-09-10T16:09:00-CME-001']}, {'modelCompletionTime': '2017-09-11T13:52Z', 'au': 5.5, 'estimatedShockArrivalTime': '2017-09-13T02:00Z', 'estimatedDuration': None, 'rmin_re': None, 'kp_18': None, 'kp_90': None, 'kp_135': None, 'kp_180': None, 'isEarthGB': True, 'link': 'https://kauai.ccmc.gsfc.nasa.gov/DONKI/view/WSA-ENLIL/13117/-1', 'impactList': [{'isGlancingBlow': False, 'isMinorImpact': False, 'location': 'Dawn', 'arrivalTime': '2017-09-14T20:52Z'}, {'isGlancingBlow': False, 'isMinorImpact': False, 'location': 'STEREO B', 'arrivalTime': '2017-09-11T20:31Z'}], 'cmeIDs': ['2017-09-09T16:48:00-CME-001', '2017-09-09T23:12:00-CME-001', '2017-09-10T16:09:00-CME-001']}]}, {'isMostAccurate': False, 'time21_5': '2017-09-10T01:46Z', 'latitude': -6.0, 'longitude': 83.0, 'halfAngle': 36.0, 'speed': 406.0, 'type': 'S', 'featureCode': 'null', 'imageType': None, 'measurementTechnique': 'null', 'note': '', 'levelOfData': 0, 'tilt': None, 'minorHalfWidth': None, 'speedMeasuredAtHeight': None, 'submissionTime': '2017-09-09T23:39Z', 'link': 'https://kauai.ccmc.gsfc.nasa.gov/DONKI/view/CMEAnalysis/13090/-1', 'enlilList': []}]",2017.09.06_04:48_TAI
6.019709e+22,84.943,-0.02308737,12837.23,31.291,5641.863,52.412,-0.03857469,42.882,98.401,-0.02127425,78641480000000.0,41065780000000.0,1.299157e+24,36.504,1822.328857,4.906,1759.235,7115,12673,[],2017.09.08_01:34_TAI
1.467289e+22,89.623,-0.00545281,13783.61,50.828,1016.379,53.854,-0.01067069,54.993,94.441,0.20802493,21358860000000.0,3089487000000.0,4.244255e+23,47.095,796.923462,4.068,126.429,7148,12683,"[{'isMostAccurate': True, 'time21_5': '2017-10-07T19:20Z', 'latitude': 2.0, 'longitude': 121.0, 'halfAngle': 29.0, 'speed': 326.0, 'type': 'S', 'featureCode': 'null', 'imageType': 'running difference', 'measurementTechnique': 'SWPC_CAT', 'note': '', 'levelOfData': 0, 'tilt': None, 'minorHalfWidth': None, 'speedMeasuredAtHeight': 14.0, 'submissionTime': '2017-10-07T17:55Z', 'link': 'https://kauai.ccmc.gsfc.nasa.gov/DONKI/view/CMEAnalysis/13267/-1', 'enlilList': []}]",2017.10.03_20:48_TAI
1.149069e+21,146.876,0.01594151,2714.001,12.017,104.108,82.113,0.050053,43.044,144.671,1.17804265,2044823000000.0,1162985000000.0,6.988764e+21,28.053,145.353363,0.0,30.911,7229,12696,"[{'isMostAccurate': True, 'time21_5': '2018-01-22T09:28Z', 'latitude': -18.0, 'longitude': 66.0, 'halfAngle': 31.0, 'speed': 560.0, 'type': 'C', 'featureCode': 'LE', 'imageType': 'running difference', 'measurementTechnique': 'SWPC_CAT', 'note': 'The CME had an irregular form and could only be measured using SOHO images.', 'levelOfData': 1, 'tilt': None, 'minorHalfWidth': None, 'speedMeasuredAtHeight': None, 'submissionTime': '2018-01-22T16:07Z', 'link': 'https://kauai.ccmc.gsfc.nasa.gov/DONKI/view/CMEAnalysis/13622/-1', 'enlilList': [{'modelCompletionTime': '2018-01-22T14:59Z', 'au': 2.0, 'estimatedShockArrivalTime': None, 'estimatedDuration': None, 'rmin_re': None, 'kp_18': None, 'kp_90': None, 'kp_135': None, 'kp_180': None, 'isEarthGB': False, 'link': 'https://kauai.ccmc.gsfc.nasa.gov/DONKI/view/WSA-ENLIL/13620/-1', 'impactList': [{'isGlancingBlow': False, 'isMinorImpact': False, 'location': 'Mars', 'arrivalTime': '2018-01-27T06:08Z'}, {'isGlancingBlow': True, 'isMinorImpact': False, 'location': 'OSIRIS-REx', 'arrivalTime': '2018-01-25T08:00Z'}], 'cmeIDs': ['2018-01-22T03:12:00-CME-001']}]}]",2018.01.18_15:12_TAI
